sim_id,trajectory_type,disturbed_inputs,simulation_time (s),time_sample (s),N,M,mpc_success,num_iterations,mpc_RMSe,mpc_execution_time (s),operation,failed_rotors,ang_speed_percentages (%),mpc_min_phi (rad),mpc_max_phi (rad),mpc_mean_phi (rad),mpc_std_phi (rad),mpc_min_theta (rad),mpc_max_theta (rad),mpc_mean_theta (rad),mpc_std_theta (rad),mpc_min_psi (rad),mpc_max_psi (rad),mpc_mean_psi (rad),mpc_std_psi (rad),mpc_max_omega0 (rad/s),mpc_max_omega1 (rad/s),mpc_max_omega2 (rad/s),mpc_max_omega3 (rad/s),mpc_max_omega4 (rad/s),mpc_max_omega5 (rad/s),mpc_max_omega6 (rad/s),mpc_max_omega7 (rad/s),nn_success,nn_execution_time (s),nn_RMSe,nn_min_phi,nn_max_phi,nn_mean_phi,nn_std_phi,nn_min_theta,nn_max_theta,nn_mean_theta,nn_std_theta,nn_min_psi,nn_max_psi,nn_mean_psi,nn_std_psi,nn_max_omega0,nn_max_omega1,nn_max_omega2,nn_max_omega3,nn_max_omega4,nn_max_omega5,nn_max_omega6,nn_max_omega7,radius (m),period (s),inter_position_RMSe,RMSe_u0,RMSe_u1,RMSe_u2,RMSe_u3,RMSe_u4,RMSe_u5,RMSe_u6,RMSe_u7,nn_min_phi (rad),nn_max_phi (rad),nn_mean_phi (rad),nn_std_phi (rad),nn_min_theta (rad),nn_max_theta (rad),nn_mean_theta (rad),nn_std_theta (rad),nn_min_psi (rad),nn_max_psi (rad),nn_mean_psi (rad),nn_std_psi (rad)
1,circle_xy,False,10.0,0.02,60,10,True,499,3.1167991708927136,11.71940820015152,normal,nan,100.0-100.0-100.0-100.0-100.0-100.0-100.0-100.0,-0.70000042792689,0.35423427308502503,-0.012108728455455357,0.17281809872360568,-0.007042945807805422,0.007637536380738855,-5.012281348277344e-05,0.0022384956179213947,-0.0009010864655068331,0.006949538762669474,0.0007376857458210708,0.0018389071549437207,255.62212572539443,256.0672231975194,256.4754936173555,256.72245953371134,256.5541610298772,256.24830571190967,255.92921372240215,255.48872946257913,True,2.420025000348687,3.115291559620002,,,,,,,,,,,,,255.42772286211869,255.39617348747095,258.04222966815655,256.6738358076779,258.1238497518454,257.8067430214621,257.9075645647043,256.09827902911195,3.0,0.2,0.07094016830588903,2.8002344199652365,3.0302364100806067,3.129666549759415,3.0625160409832866,2.4544072271672817,2.4723729006759263,2.4406278957318435,2.5382193250408456,-0.7214983035910186,0.3706090800688728,-0.010517157566175172,0.1710433431479868,-0.10313719701928814,0.11526439365554983,0.001635832776913817,0.036631602592747045,-0.05097477375139727,0.01840979606400121,-0.003123496507975071,0.016206909119444723
2,circle_xy,False,10.0,0.02,60,10,True,499,3.1159381549108724,12.45960000003106,normal,nan,100.0-100.0-100.0-100.0-100.0-100.0-100.0-100.0,-0.3671346886033618,0.6999609266611496,0.01089838566532232,0.16817296924763495,-0.028964453382474286,0.039206917464426165,0.00020010020941592634,0.017256234908869215,-0.012585475509341429,0.031635995784094685,0.00510677259258147,0.0068277556889922535,256.45601662959956,256.7695924883271,255.74343008114022,254.5709857064341,253.27232423811466,252.92578398395898,254.04726367333868,255.66295097388652,True,2.609823500009952,3.118396908489789,,,,,,,,,,,,,258.6065730010843,262.4909969897346,255.86080202317225,260.8167011913687,256.5447417793179,255.70720529352903,256.7481528634637,257.1115146310473,3.0,0.5,0.07958203194562707,2.5666771381744926,2.287341711298175,2.424825281244651,2.139454303178289,2.8170379622022663,2.4604536147572467,2.4572043283755023,2.487297354059616,-0.41956017914603744,0.6686212377858963,0.01067724920299046,0.1738810186833401,-0.08109037903004099,0.0568626338321898,0.0004567198815138188,0.02328640950746191,-0.01770290931748424,0.045378139549456874,0.00303772881340484,0.011744665904949164
3,circle_xy,False,10.0,0.02,60,10,True,499,3.123964104391782,13.365424300252926,normal,nan,100.0-100.0-100.0-100.0-100.0-100.0-100.0-100.0,-0.4458811128815017,0.6999176249594404,0.009103449872981022,0.17391264716756347,-0.1046345451574969,0.12432744582158534,-0.0009805496478159576,0.05639746086159092,-0.08426766842565754,0.01272749316220651,-0.026420796007552302,0.01586573191134088,249.10415253535868,250.6510863093185,250.15282137357246,249.46179932676364,249.5344030159332,249.01816528127097,247.95124721731887,247.98466899773874,True,2.579935999994632,3.1258302904868174,,,,,,,,,,,,,246.4730476068189,246.74108557268733,243.88646115698185,243.27312672157532,244.9650931790392,243.60800519762907,245.43352123938266,243.53983501794832,3.0,0.8,0.06529884492507508,2.95861146358243,2.9226624304003472,3.205189601915067,2.460144215150665,2.746350245816657,2.602112310404937,2.870939072413123,3.0277260346867543,-0.3932659435602499,0.7530848105071996,0.007007740567204635,0.1731048496882208,-0.11193461095291529,0.11313113421486912,6.395607071158426e-05,0.04786969099858979,-0.08510621407853694,0.00729171908518102,-0.05795809545233135,0.01798478191287831
4,circle_xy,False,10.0,0.02,60,10,True,499,3.1076105221150896,12.80847490017186,normal,nan,100.0-100.0-100.0-100.0-100.0-100.0-100.0-100.0,-0.5495796746894445,0.6164746403055887,0.014581441242026474,0.28188735678707083,-0.43298104990230013,0.4164590536564642,0.0018085192396089464,0.22743021345842,-0.1638154956060908,0.42388993407063663,0.2570599861017256,0.12254194118473166,267.1098310154542,269.20724012212276,265.098493630146,266.31711047777424,262.4567232280379,265.4462880829124,264.84467204173484,268.6183888296124,True,2.7610871997312643,3.1162994461180773,,,,,,,,,,,,,267.5883320126703,270.2083230504582,259.9624511663496,264.69875221219803,258.2780068720879,260.1966566128517,260.6286832804821,263.9883826373316,3.0,1.0,0.1287241234102702,2.9391869757127758,3.765434189150926,3.232953651267252,3.4692343650706303,3.471685880537164,3.9756090639300217,4.048050068069215,4.53351545643725,-0.5090467476198234,0.662436984083081,0.009351297033243612,0.2804612065664464,-0.41724254489932483,0.4161009801455853,0.004641976926780317,0.20895753266344977,-0.11977921025847231,0.4894673436517078,0.24263195561176285,0.11767992393457437
5,circle_xy,False,10.0,0.02,60,10,True,499,3.2583185018767584,15.359162000444485,normal,nan,100.0-100.0-100.0-100.0-100.0-100.0-100.0-100.0,-0.7011724508422935,0.7017069643286675,0.02117590162982003,0.46007266493362436,-0.7097794357345716,0.7824980020822613,0.03565997796002646,0.42959171343617986,-1.0786881411040579,1.2866446477115776,0.5019867698603002,0.5936494947847424,301.03000832598474,314.3820674856162,262.7278349357061,320.02796284472885,301.70181208633386,342.71401621120623,260.4780549049548,338.08572273198945,True,2.532536700426135,3.2613708381953983,,,,,,,,,,,,,271.2770848225376,279.235208835268,261.8491817676411,274.75151447677797,268.4507275521604,267.70168828641954,264.2521281821339,269.6136095175947,3.0,1.2,0.8643442395110694,18.34556672114715,22.479393665833154,27.49442154027526,21.940780184461225,17.694389072783196,18.99853242460903,30.64866671059224,21.41191079339802,-0.7353490042603819,0.7301165630491042,0.009543007623235695,0.4898472673647656,-0.692944965362634,0.7721188591389287,0.01673639071346949,0.46227246995327725,-0.41625632422586234,1.1130456278880116,0.5868852024800892,0.37711104556643055
6,circle_xy,False,10.0,0.02,60,10,True,499,3.3049024887456264,15.042529199825367,normal,nan,100.0-100.0-100.0-100.0-100.0-100.0-100.0-100.0,-0.7257513979460497,0.7188746469503734,-0.037270061139726855,0.530292632472795,-0.739395645521217,0.7161535881588682,-0.021882381638192325,0.4703365627668523,-0.4422302219040805,1.2543417384404336,0.6618935578302066,0.4104024005849928,271.91759127846836,323.3443830620692,281.9195050089863,318.61975743254106,294.12086471820515,312.09771295314414,266.054931156621,304.3998250307749,True,2.46178499981761,3.218783632084996,,,,,,,,,,,,,280.025412276733,296.18719770390686,272.5370652385739,297.1221659229962,284.08416665178316,290.0290221329152,267.6828310427192,292.5217013379553,3.0,1.5,0.5935469641277213,13.10148892084299,12.17067703059662,13.829328644748397,11.92088681840148,11.121409956207941,10.299681364227972,13.450651298190694,11.16651392476817,-0.7470162038129663,0.7548028164262623,-0.012047618310738301,0.4960554986924429,-0.7315459140140773,0.7756750129854224,-0.007531979268802418,0.47079184432359583,-0.4657162071701389,1.1510704508878218,0.5134796841156734,0.3776676556731801
7,circle_xy,False,10.0,0.02,60,10,True,499,3.1470158479465016,14.819054199761013,normal,nan,100.0-100.0-100.0-100.0-100.0-100.0-100.0-100.0,-0.7197945371627906,0.7180408745478359,-0.004118342163105918,0.5537558815597056,-0.7113546509052536,0.7098813263852939,0.01919033312840613,0.5092930759087101,-1.1520176768407568,0.004042959311543811,-0.7188611775739971,0.23395097002757229,290.2614929653667,293.4901271502041,279.4256037797478,291.7553700808839,295.1209427828475,294.6167823684834,289.1018170187836,280.86561888148316,True,2.6809921000967734,3.2917699498447006,,,,,,,,,,,,,282.65091972519326,285.9690427887358,289.07126507418565,284.91191589603744,294.7758972619714,294.5016975017179,284.60244049398085,287.285317778531,3.0,1.8,0.8520055249159687,13.618300896655834,12.9548561865654,14.783514630978534,14.783712444640498,13.72995744988986,13.480593519220834,17.565028810004666,13.297889702350982,-0.7577476314883964,0.7561033296281325,0.016531574747263966,0.5368599389142074,-0.7640998007501592,0.7370794259507218,0.016186664587868833,0.4958360797096963,-1.0988418424430495,0.0,-0.6177683172762245,0.24402304507228081
8,circle_xy,False,10.0,0.02,60,10,True,499,3.005124722629388,14.947005799651379,normal,nan,100.0-100.0-100.0-100.0-100.0-100.0-100.0-100.0,-0.7140445285710598,0.714141645020843,0.019402535014738532,0.5598602043405725,-0.7104961971311747,0.7110915326462893,0.008518513627211682,0.529347548658307,-1.0503337515756088,0.05004024583223859,-0.6620594340705461,0.24155550712686516,291.7487993315999,286.1960909307667,287.7317573263336,282.9220775674818,288.4361580232272,282.39396064460846,283.8288471185323,283.2772204509729,True,2.596124499483267,2.915586537665928,,,,,,,,,,,,,285.30195423160495,283.22213081149323,279.7528220193811,276.97290777788487,283.2294980167198,280.57097268441555,280.13086324844954,278.34090845730657,3.0,2.0,0.39821247899782797,8.701970698872891,7.645144120245058,9.01571208112548,9.025736700574091,8.510126450614914,7.858341592038396,8.124313782507919,7.551418478801446,-0.7409243518995665,0.7415235242188973,0.011381351118399649,0.5673735293610662,-0.7269413587066132,0.736625848977148,0.0017894190530043518,0.5037169413194167,-1.0673465862437412,0.06343711084973522,-0.5688153805151682,0.239627662836559
9,circle_xy,False,10.0,0.02,60,10,True,499,2.8744820472380415,14.344131699908758,normal,nan,100.0-100.0-100.0-100.0-100.0-100.0-100.0-100.0,-0.7178914664612911,0.7174459450594569,-0.049426916620666055,0.5453936485080341,-0.7072739976003365,0.708295680370397,0.02889015939888405,0.5396067303160004,-0.990138272343304,0.1190160161666654,-0.5994126166040595,0.24772922458132723,293.1955321384759,289.69415194152936,286.6104939247683,288.17617054030035,293.108951455394,296.6134913999298,283.82893140196103,289.51689143851036,True,2.479815599770518,3.0918911983166932,,,,,,,,,,,,,301.47863888270473,294.53706500726435,303.2505183110213,285.6477241705209,302.8139843378951,296.86956755006196,301.12410081810407,296.7908553080044,3.0,2.2,1.5148969863048851,19.758500700154034,17.662134396014373,21.77066314800469,18.413288520217442,19.199713519663266,17.856715809585186,18.995025648855083,17.073903613419727,-0.7592850694313371,0.7603467166212363,0.041897281943175074,0.5349499219038261,-0.7300743376862027,0.7230972874943772,0.04401350771403344,0.5239456645846002,-1.1310910742106839,0.5815397457292026,-0.3911048049559546,0.4140582475866021
10,circle_xy,False,10.0,0.02,60,10,True,499,2.6942193177184772,13.8297806000337,normal,nan,100.0-100.0-100.0-100.0-100.0-100.0-100.0-100.0,-0.7140280981462552,0.7161156453031096,-0.012461244678763844,0.5289852786099947,-0.7081889961327672,0.706935077476777,-0.019312247475935664,0.5396369250650557,-0.932635475235815,0.18613928513503056,-0.5383058578384096,0.2514728712443156,283.374401434043,278.8253012032761,286.53822658375833,281.7099888727728,285.2954377386803,282.4057699232954,291.4876418170811,282.4398126139862,True,2.513227000250481,2.7060286005081444,,,,,,,,,,,,,284.735977179939,282.4779099089154,291.8680926239665,280.4600402989691,291.7556624786369,283.72360065947396,289.1469264186804,283.010616289562,3.0,2.5,0.6017885615402739,14.70800891841631,12.708299083555485,14.874898047898851,12.5666625962791,14.091590122532592,12.667602166603825,14.012956854321537,11.950512688193148,-0.7236230395727624,0.7321412300223691,0.02542858495519283,0.54476757788665,-0.7249559254856216,0.7233906053872846,0.0024980025995747805,0.532881529594769,-1.0423232857615325,0.12106746861522881,-0.4579013191588834,0.29091872837453553
11,circle_xy,False,10.0,0.02,60,10,True,499,2.5223331618919818,13.560073000204284,normal,nan,100.0-100.0-100.0-100.0-100.0-100.0-100.0-100.0,-0.710937308807794,0.7118168227398726,-0.01623197026089593,0.5160168594878122,-0.7084164183099451,0.7071831847037685,0.050452964315514846,0.5178631120577997,-0.24053550536022997,0.8513552204806988,0.4644787291676321,0.24093889269437402,281.71444337032045,287.56533102566084,282.51834324499106,282.74929131413217,281.13590459039426,284.37444221053545,282.6837825505627,289.1283034662205,True,2.480718500504736,2.5795459919718717,,,,,,,,,,,,,289.4117504580118,288.6915050228675,282.36464421683866,285.41138489355785,283.4288970766822,287.8122531363477,287.0747116399413,287.65421204765016,3.0,2.8,0.7872048561513612,14.26006421470595,15.685179633617079,14.862096481093177,15.700500998269966,14.1540866518094,15.391443318282075,14.985633525981694,15.443298581306571,-0.662659477879799,0.7536213596304713,0.07737958275043855,0.5149506005081098,-0.6966074936778094,0.7354557688118029,0.00802293114505854,0.49202996002568133,-0.2161668145760412,0.9125852392470414,0.4596036488975082,0.24840080036920548
12,circle_xy,False,10.0,0.02,60,10,True,499,2.3694344606162616,13.868770299828611,normal,nan,100.0-100.0-100.0-100.0-100.0-100.0-100.0-100.0,-0.7078545580645519,0.7155279838250889,0.022765160625225857,0.4874009680066276,-0.7053791465625159,0.7084080577369231,-0.07714233218710745,0.5041150286224166,-0.8068908838614697,0.28163180668059346,-0.39303338470764226,0.24339416188822754,286.85504524954115,283.9465218483999,286.7193392154507,280.8884867034457,285.12132595738245,283.6535179995271,286.74614114110653,285.39849900480584,True,2.7004906999645755,2.36200676808742,,,,,,,,,,,,,292.9921562292204,290.1362670947842,295.1384991624842,283.5175492697725,290.38985307337583,287.9533211262511,287.12474022785506,291.1440211423242,3.0,3.0,1.018254129313241,23.013348775576,21.81273850240848,24.31586291731578,21.31625977850083,22.984057125426464,21.36729822683542,24.003049488853623,21.181817782479435,-0.6961631967804705,0.738989485131094,0.0939154621588938,0.4980805375685262,-0.7248742291807999,0.7056876511448918,0.014432015396693216,0.48763227533133124,-0.8639110923710526,0.3095349832989079,-0.39837299098714507,0.24315281701275893
13,circle_xy,False,10.0,0.02,60,10,True,499,2.2988035443447283,13.736221699917223,normal,nan,100.0-100.0-100.0-100.0-100.0-100.0-100.0-100.0,-0.7067356496947896,0.7189845572454299,0.02775764293332236,0.4747523783858215,-0.6720466234227089,0.7026704341519726,0.052029832023068365,0.4724977243014318,-0.304244981506377,0.8485332599510428,0.3503853439134979,0.2583048532827313,284.4627124229265,290.2537724864863,285.792990500837,292.71252231880254,278.4383794235509,286.0614602089481,287.863755505615,283.1452221261077,True,2.6101492998132017,2.221359984963042,,,,,,,,,,,,,290.49832926447294,292.01922920060787,287.17054608259804,290.88874590052643,288.2776835734285,291.42929645315587,291.3523112591992,293.3444786829886,3.0,3.2,0.8880408774339301,20.099213600354574,23.16159685422542,21.623312139755203,23.312150077221737,20.92470565826933,22.494114258451994,23.404859175113298,23.366146302792792,-0.7025252904540206,0.747839466996095,0.040047141960844156,0.4787669796516562,-0.6975742681074888,0.6864087907624996,-0.03586621761304747,0.45715476936600424,-0.2597839501349189,0.9499821886629835,0.3358115153572711,0.23173274319968765
14,circle_xy,False,10.0,0.02,60,10,True,499,2.1034590990918645,13.032709800143493,normal,nan,100.0-100.0-100.0-100.0-100.0-100.0-100.0-100.0,-0.7160347028568695,0.7040528098096666,-0.05008202939826409,0.4561170896147955,-0.6513110847497335,0.7028533455172408,0.02884979123714078,0.468393057052221,-0.8434065025698032,0.31754003096836686,-0.30531345527761244,0.2439327648817554,286.752377335556,284.4099328424119,285.2623637846054,284.87748508082933,289.61188857182094,284.40666140718054,287.67367290507605,282.95788502239765,True,2.5108606998983305,2.156038224008191,,,,,,,,,,,,,293.679247132338,289.2440971808707,297.1599525008068,290.5481064586981,295.6898679271937,295.26060389047285,294.17496310214653,293.0314987089279,3.0,3.5,0.6082809190593407,14.87396720801539,14.586983561168267,14.896727336440978,14.278492985600773,14.593085421668064,14.113810036080062,15.156769954996362,13.4798799352771,-0.774101196472961,0.6853376323373425,-0.024111217238548633,0.44341455686012615,-0.6859687929034187,0.7089990369916189,0.04386928330404244,0.4498210192546277,-0.9573158978619705,0.26576507838297747,-0.3406369463904738,0.24902573648669388
15,circle_xy,False,10.0,0.02,60,10,True,499,1.9768690546473935,13.097559200134128,normal,nan,100.0-100.0-100.0-100.0-100.0-100.0-100.0-100.0,-0.7160261282911896,0.5365297030768723,-0.08733469925876033,0.44522123888203285,-0.7034340977785133,0.6663413427727902,0.022163995346763075,0.4234798955852879,-0.30057890541359655,0.8435486474277955,0.2604732838960307,0.24745554207368115,277.4206338261119,286.134138516722,283.8345540391863,281.06979919812136,286.76458642034936,284.31600479407035,281.768536655457,290.7126234114675,True,2.3358433999528643,2.1432629662287934,,,,,,,,,,,,,287.0985693230212,291.2185765570827,290.99520711980364,291.1864482306589,292.578109180636,293.9651360880987,292.07114316896286,293.72022974668624,3.0,3.8,0.8863551801915879,23.265240995752364,25.38352999172511,23.970272487998596,25.84617964855436,23.269461564800775,24.972028157271197,24.07364793321615,25.639758377071274,-0.6990799271983759,0.7011462760131895,-0.07531948180163138,0.43091719217884156,-0.7180079004965134,0.6989048176341927,-0.06723948208225691,0.44480393037896787,-0.28997783220265394,0.8398543404713286,0.255948378017682,0.2620231786312667
16,circle_xy,False,10.0,0.02,60,10,True,499,1.9036616480665796,12.874884399934672,normal,nan,100.0-100.0-100.0-100.0-100.0-100.0-100.0-100.0,-0.7137413288974346,0.520591921758477,-0.0633646493190528,0.4292786302786085,-0.7026617685743008,0.699978248400233,0.0630307079536593,0.3978298038379953,-0.27446109862750206,0.8599759204954756,0.24705663576983633,0.24751405127557535,276.3218424315142,291.60520370288697,279.64474222115865,289.37319945188295,282.1931357626471,283.8349222664937,284.6727958961807,286.3908031642635,True,2.6731752000923734,2.3681937662072845,,,,,,,,,,,,,298.20117429806845,294.4335863782789,301.14538929683914,294.6915355527157,301.14966995686314,298.3664014237381,299.6362072648866,299.07400854376266,3.0,4.0,1.113591439309787,26.428793461234907,25.818061949419576,26.97286342430575,25.33251691441406,25.700730921853093,27.808179833624962,25.38975821795526,27.784785668072317,-0.7134923547487357,0.5858070007603587,-0.1515767292564495,0.45671668191222853,-0.6929881811728028,0.7010452138543113,0.06421941992924797,0.42354987981554376,-0.3096925279469782,0.8384446993297826,0.2046988650603327,0.3593270455429496
17,circle_xy,False,10.0,0.02,60,10,True,499,1.7289503780078155,12.893915199965704,normal,nan,100.0-100.0-100.0-100.0-100.0-100.0-100.0-100.0,-0.6155475209417642,0.7161166416788003,0.046742694626465825,0.40114595186339536,-0.7008035445134736,0.6885458228750267,-0.044794094872848744,0.4031545541443676,-0.2817936975049045,0.8361391079904278,0.21967629342917033,0.226730587374985,286.8517392210973,292.1458887688198,285.27567405798095,290.50260105145634,285.1362941107554,291.7708711803965,286.71540330216516,293.45379097929316,True,2.484768900234485,1.7008783228332707,,,,,,,,,,,,,293.529965103471,294.60745110618933,291.8551208318138,293.7385869419823,288.3048493207332,294.342059078019,293.5361671620396,295.4567910932451,3.0,4.2,0.35817388006574935,11.435891068356833,11.916292455037924,11.580147035116896,12.171315796708575,11.351403739910479,11.673766396166,11.715736257107533,11.85127955955096,-0.48513593335010263,0.716784598280825,0.04289612890542694,0.38840833980235867,-0.6938101529993752,0.6506626391018111,-0.05428018811650641,0.40016430174870976,-0.22255605090607983,0.7559330897405157,0.20795470807747912,0.18457791554998815
18,circle_xy,False,10.0,0.02,60,10,True,499,1.4674419475646774,12.028788100433303,normal,nan,100.0-100.0-100.0-100.0-100.0-100.0-100.0-100.0,-0.7069191062102528,0.6646483403914214,-0.044843337596448825,0.3959779003556473,-0.6267839362667567,0.6953817041658829,0.050031612175971504,0.3629779300849605,-0.2617439657366348,0.7049959397988428,0.18843510820638928,0.19071310743236766,281.5682487790425,287.6101356609052,282.6831752869541,288.61388683636983,283.7285228169031,287.63528434063505,281.43575564078725,286.62910440260595,True,2.6871242999914102,2.038779279639176,,,,,,,,,,,,,285.71649512869277,293.3847706101625,293.6470590071223,292.5339980360914,290.384335111961,294.35525873742984,288.1652177853377,294.96070857225084,3.0,4.5,0.8632267355739702,18.504303699084414,19.778197447161023,18.1676735639954,20.031659658043306,18.34440359773049,20.609823387724198,18.381904546746647,19.982682732846857,-0.695521600036987,0.7044612942229543,-0.011229918329128574,0.4228830726702676,-0.6647505563227365,0.6999328344066639,0.06110519710909185,0.4057608738403038,-0.504019646901341,0.8074328711212159,0.19491886372439235,0.33386425617150994
19,circle_xy,False,10.0,0.02,60,10,True,499,1.2576063758570308,11.382889799773693,normal,nan,100.0-100.0-100.0-100.0-100.0-100.0-100.0-100.0,-0.7044023769464488,0.6393431124942911,-0.023663401190593562,0.37234755568315314,-0.5597972536070236,0.6957270210415917,0.057892167274747726,0.33818431514497727,-0.24365073524232705,0.6024249057875339,0.15167649908890132,0.1643850177756402,278.4996037858997,284.5662495233093,279.65679127480314,285.5140754898546,279.7698077441945,284.82340313182107,278.61308977804947,283.8732633304464,True,2.731984899874078,1.6674806777406688,,,,,,,,,,,,,282.50444352927013,289.9205290513115,288.2875689156695,288.8210982334019,287.7664647249116,289.62055439730267,284.66355259994367,289.86423518225524,3.0,4.8,0.6207815576270721,15.200882967673891,15.401026001286395,13.896966572588953,15.466698196260081,14.979859007945937,15.700137668463631,14.333140995182093,15.352571114216811,-0.6658290669581529,0.6580233473609183,-0.019203446321964784,0.3960418082526985,-0.6466138320046497,0.6995468242928226,0.05354976296253831,0.3584164197521816,-0.31166973914277035,0.702835912518977,0.1741074690667703,0.25117840608231196
20,circle_xy,False,10.0,0.02,60,10,True,499,1.1031869884400596,11.425689499621512,normal,nan,100.0-100.0-100.0-100.0-100.0-100.0-100.0-100.0,-0.6984331494365594,0.566948317380849,-0.0032099533866790787,0.3390605899295951,-0.6965950437506103,0.5098746413153366,-0.051893871661169495,0.3326799440138904,-0.5384303718632483,0.22453234304405692,-0.12639100075747808,0.14519591933558265,281.9661064906718,276.23067613214533,282.04493234355965,276.92718940965824,282.88024002032637,277.4855067199728,282.7913274993537,276.7903948299901,True,2.4053915995464195,1.0807542733653868,,,,,,,,,,,,,275.3182373473063,270.3497379260707,274.3269827171974,269.730956734911,277.37688864313367,271.3023998144695,274.818087596331,271.74851951494276,3.0,5.0,0.20030276688340778,5.935007278543213,4.860246536939527,6.213334611074399,5.439553703051216,5.986847107561993,5.263473993697035,5.942531909630036,4.926690767028724,-0.6549162499544098,0.4857358339637379,-0.006240766305460664,0.3217596473498284,-0.6656559934155014,0.5079532693547094,-0.04404515833495962,0.3349755800948993,-0.544564107133501,0.1669026070009078,-0.1401233121298202,0.13747013908673777
21,circle_xy,False,10.0,0.02,60,10,True,499,0.9849181382267057,11.036251099896617,normal,nan,100.0-100.0-100.0-100.0-100.0-100.0-100.0-100.0,-0.488299943494151,0.6636297014088226,-0.012834019832797026,0.31476746198581956,-0.697643638885298,0.4751180311790608,-0.04027775315153473,0.3202178427414692,-0.20722398571138828,0.5012377875137507,0.11128432974407185,0.12857764082648002,275.2866285712663,280.35954045440076,274.56231779679825,279.86913908311254,274.48286156271655,280.3476126706922,275.2073848574148,280.82187049910436,True,2.476753599883523,1.02707094729141,,,,,,,,,,,,,272.4466133174901,276.8873578111626,272.23161504401264,278.8617774260311,272.75795066302777,280.31679218743994,273.3386723665608,278.48861226517977,3.0,5.2,0.2762214754440006,7.67433090898458,8.413116651223945,7.208503428012816,8.176229837708778,7.536101852972106,7.7321812843071624,7.442869275562447,8.006865174956442,-0.48584015899513044,0.6676761659034475,-0.018767567309719346,0.3223114131967022,-0.668779904112448,0.49900743929153674,-0.03246300655897974,0.318037074197369,-0.17666258546450703,0.446631350922262,0.12505031081689164,0.11953805530749965
22,circle_xy,False,10.0,0.02,60,10,True,499,0.8841716847973041,10.8079312996706,normal,nan,100.0-100.0-100.0-100.0-100.0-100.0-100.0-100.0,-0.44482755580227024,0.6198664558458591,-0.021763827884893266,0.30180045344935197,-0.45156957021286925,0.6948099220343863,0.024278419323922003,0.29945424570196333,-0.44629312394423776,0.19363100333173683,-0.09801293086335222,0.11378432432684578,277.4114305757806,272.41319026415,277.4969500888182,271.97182569207047,276.92649801849234,271.5475229771134,276.83398915372123,271.98667684658346,True,2.6699291998520494,0.9988639852105264,,,,,,,,,,,,,280.8264291502914,278.0046469378802,284.2406898588056,276.15144829848816,280.27052034580345,277.33249382691565,280.63995684905694,278.8383574315428,3.0,5.5,0.2202057064882483,4.663308431449918,4.024109144940607,4.788497687579157,3.963699447059964,4.299838526960988,4.116253054204482,4.83745945578362,4.274374144066556,-0.587510050409786,0.5971651952110183,-0.02201834849861271,0.31704369534765586,-0.5297407025868894,0.6930769409472497,0.02713131480488544,0.29554355444286645,-0.5538467624699057,0.15769861305770108,-0.12075541390172378,0.1315269228199655
23,circle_xy,False,10.0,0.02,60,10,True,499,0.7986814354741588,10.634960699593648,normal,nan,100.0-100.0-100.0-100.0-100.0-100.0-100.0-100.0,-0.437816720143581,0.5776771808209898,-0.02226364083934294,0.29165117037345084,-0.686037474649838,0.432118724643186,-0.00826499538929374,0.2778432360122842,-0.17720516291415264,0.39856989187138164,0.08575226340478136,0.1029756002279171,269.5048545359751,273.9823907761805,269.0443510431581,273.8332872090486,269.16856014268757,274.3313820811925,269.62885764158904,274.46128568340214,True,2.430926299712155,0.8325044596017706,,,,,,,,,,,,,268.55589890561606,272.4701270647073,268.07448709885284,274.1583040302151,269.06698355859504,275.2741507992932,269.53496215912173,274.30786699044404,3.0,5.8,0.20003663039714406,4.784934099261635,5.070407029631931,4.245304158925397,4.682981856177069,4.426279310787805,4.3379069178572776,4.487417574551269,4.527407858344324,-0.4743365983003532,0.5900896980471679,-0.023595220438076582,0.29976429219602546,-0.6626695364129939,0.4455164889758356,0.00019110027507754878,0.2764284407769482,-0.16091835696231843,0.3438511796677977,0.09101894462101497,0.10083728448087116
24,circle_xy,False,10.0,0.02,60,10,True,499,0.7254964262578681,10.823017800139496,normal,nan,100.0-100.0-100.0-100.0-100.0-100.0-100.0-100.0,-0.5397231375937918,0.4250696691082526,0.016919815716257943,0.27780199916380943,-0.6757340946805225,0.4172025614719723,0.004656418895174465,0.26113882625796997,-0.35811942342856734,0.16206430722954301,-0.07290994585820736,0.09398130922997273,271.491790332736,266.80911000822823,271.2142140734825,267.1275063772272,271.65465562834584,267.4870241843187,271.91438137961643,267.19846261144323,True,2.415466099831974,0.7538540602746426,,,,,,,,,,,,,269.452147554598,263.687811692654,267.51467731189445,261.1452903105631,270.480127392328,263.6353944960514,268.5513346406925,265.43552684097745,3.0,6.0,0.2079186736906313,6.9895210507543695,6.29756669705922,7.4044201015497215,6.625809512708595,7.224958472362856,6.310314410738164,7.400800438689099,6.005288009401677,-0.5214049236206704,0.44859733229172927,0.014082474325561862,0.28768203750794974,-0.6588740583341239,0.4119374676717815,0.012761264572795736,0.2580823223949837,-0.40046347825058426,0.12267757537077216,-0.08692484252547408,0.1120876374175497
25,circle_xy,False,10.0,0.02,60,10,True,499,0.6635890066320846,10.753688600409077,normal,nan,100.0-100.0-100.0-100.0-100.0-100.0-100.0-100.0,-0.4008765716884815,0.5051272550631485,-0.007491787608875363,0.25918566840685003,-0.6648335650746209,0.40872973567804827,0.013637561217763853,0.2501834732001684,-0.14820654268197456,0.3237267626897381,0.0608534636125964,0.08540556830899422,265.6788253638766,269.2848984232492,265.0794353337395,268.94601351545805,265.00994506236606,269.5829916995202,265.6126139891775,269.79804027879936,True,2.559223999880487,0.6770858619058429,,,,,,,,,,,,,265.7489181236589,268.6745677048547,265.07126787337455,269.8126195270184,265.33273848145916,270.78986121123916,266.3697944526338,270.33311427284383,3.0,6.2,0.16455013993340825,4.257132441133704,4.382515402236681,3.9808616739136387,3.983336885778634,3.7488658164366697,3.804151782098255,4.1823000679370965,4.072659239572503,-0.37740728064751083,0.5225646227810149,-0.007896866308271206,0.259365031802437,-0.6538524629685094,0.4004710579712871,0.018577404314686064,0.24793018932624505,-0.14833942940083664,0.25965252559657626,0.05819509878030212,0.07649962818538772
26,circle_xy,False,10.0,0.02,60,10,True,499,0.6114151953724956,10.83333980012685,normal,nan,100.0-100.0-100.0-100.0-100.0-100.0-100.0-100.0,-0.36976307552344717,0.47383106409451337,0.003822722821745927,0.237200019638357,-0.40042920900051915,0.6531511722221012,-0.017821096556731968,0.2433379499125265,-0.2932948123976783,0.13570345632267236,-0.050723142200041975,0.07736049809741746,267.68121301291166,264.13247515465264,267.8984150501749,263.6012656357715,267.0618204132964,263.0792418012091,266.9066241248712,263.6857231269245,True,2.2563726000953466,0.6707435458477001,,,,,,,,,,,,,267.69286201788293,263.3310995776213,271.2012623003744,264.0249755100553,268.98933490678195,263.47957381006995,267.0723105146843,263.4063340248566,3.0,6.5,0.1240512856330465,4.189482243367804,4.165092370857068,4.386703922505273,3.9393870321451265,4.176439297602106,3.8993199219045622,4.694364528011424,3.926855308941329,-0.43238622492239975,0.4738894570336762,0.00907776804147013,0.24596167024968915,-0.43167351707576646,0.6698946337109505,-0.016495149098498342,0.24349089280068065,-0.3346292824468754,0.12972831504145582,-0.05506422830415104,0.08705149413827744
27,circle_xy,False,10.0,0.02,60,10,True,499,0.5663563363952763,10.889367800118634,normal,nan,100.0-100.0-100.0-100.0-100.0-100.0-100.0-100.0,-0.33578831502728385,0.4454933120352978,0.014639756657091316,0.21485820278462409,-0.38776738637602154,0.6409658155421872,-0.017432099319186583,0.23754619961745252,-0.26509520133617065,0.12447933293900248,-0.04289231613562877,0.06993769469548267,265.62458195724844,262.3466055724664,265.87038048166517,261.83135200404183,264.9424516671604,261.2320168634889,264.7852387267852,261.821657369593,True,2.319885100296233,0.6202520425350779,,,,,,,,,,,,,265.2938946337465,261.17676810756615,268.3191895926216,262.03022700012644,266.2856420506828,261.46332638819337,264.2373936718379,261.2372340415529,3.0,6.8,0.12177777267886607,4.354376523792425,4.338228630795603,4.528126153769417,4.148163421000622,4.292700887785644,4.088955128825339,4.762852938081183,4.125567045851318,-0.39829523157193475,0.4486797515140339,0.01924557326897999,0.2243535115004578,-0.41341203545715854,0.6638760813391774,-0.016178172001675217,0.23991939874177434,-0.2957917784719877,0.1255456111986891,-0.04711161987464592,0.07808882945175012
28,circle_xy,False,10.0,0.02,60,10,True,499,0.5267351032993289,10.243210499931592,normal,nan,100.0-100.0-100.0-100.0-100.0-100.0-100.0-100.0,-0.3034063010638252,0.4196956574796094,0.02329543087258323,0.19493469722100493,-0.6286799186711602,0.37342677001022484,0.01366783100048477,0.23082318829379145,-0.11445792537373843,0.2373579831446199,0.03699360405033348,0.06274155116696079,260.0974030846557,262.83918393350507,259.3731141013761,262.4212210705082,259.4572980271264,263.26708331112593,260.26901447776925,263.61960907770134,True,2.3641864998207893,0.5232952177148293,,,,,,,,,,,,,260.68550657004636,261.4202787669125,259.4114980707536,262.1860211208796,259.95485491626926,263.26798307053866,260.8346709549771,263.4188797786377,3.0,7.0,0.12712660431346176,4.43751744792569,4.257766693383753,3.9675894071040907,4.088454178383886,3.9321275235725732,4.029670512035701,4.0877640047850505,4.206540169351661,-0.31152854040463684,0.4397583523089971,0.019263475698199584,0.19821117258399895,-0.6302946543368816,0.35209033000873263,0.014100904480945569,0.22736667330234328,-0.12738014270668976,0.16690395132458877,0.03544534261860546,0.05147873725980592
29,circle_xy,False,10.0,0.02,60,10,True,499,0.4916174469464053,10.277419299905887,normal,nan,100.0-100.0-100.0-100.0-100.0-100.0-100.0-100.0,-0.39609503514679334,0.2743767471292121,-0.0290886297860542,0.17878568347726304,-0.616373241305062,0.359548235062861,0.007851535624089603,0.22258053429748004,-0.20979546782818514,0.10550428597309336,-0.03225838836100215,0.055590082113986236,260.31640227536195,257.0503495608429,259.96078453325106,257.42086927948685,260.70553869702263,258.0823261539341,261.1917426433389,257.78070579355216,True,2.3641876998590305,0.5187172290793178,,,,,,,,,,,,,262.2928926406619,256.49754548407077,260.23522213932995,255.53678632351324,262.7736132580636,257.95851973610996,261.08449923885297,258.9338420305931,3.0,7.2,0.11732039553463779,4.730115637331296,4.179896522364023,4.936308368957889,4.635126665291972,4.984396935732244,4.62106615356525,4.779158625883255,4.307972610483101,-0.38704739673763683,0.36827956044129145,-0.03273093281940578,0.1867715931869022,-0.6416122002753658,0.35368921190542135,0.008200617144055162,0.23197078789678216,-0.2898823364727048,0.08280959746679817,-0.047967450144679215,0.07362431517538956
30,circle_xy,False,10.0,0.02,60,10,True,499,0.461033842571769,10.34188079967862,normal,nan,100.0-100.0-100.0-100.0-100.0-100.0-100.0-100.0,-0.24866083313065715,0.37402584378218146,0.03216917611857345,0.16648276639480664,-0.6041952764608656,0.34667449933308453,0.0011071486411624134,0.21314856470489307,-0.09737948059020751,0.18632926384944343,0.02842709754424421,0.049406449688592854,255.68522758007558,257.91986657397604,255.02765719375816,257.667217431505,255.32471268846868,258.61782010165376,256.0964581348326,258.767549821209,True,2.397980000154348,0.45091396017804153,,,,,,,,,,,,,256.96421545725576,257.0370150045639,255.03171143836812,257.2228777853751,256.3727765187474,258.34341832358933,256.749894817934,259.030136954258,3.0,7.5,0.09947484501285254,4.345784413442044,4.095637497282627,3.839800309832729,3.9175619978102456,3.8243277836078917,3.804079059773502,3.8850741058507614,4.0269849976080865,-0.2835638445523781,0.3941911990705702,0.029175760926675096,0.17221235540754457,-0.6067568082472753,0.3250129621071222,0.0028945594387680094,0.21186677261988296,-0.11247689850581608,0.12675317805042186,0.027624363095046685,0.04004218162611234
31,circle_xy,False,10.0,0.02,60,10,True,499,0.4341670740434285,10.459232499299105,normal,nan,100.0-100.0-100.0-100.0-100.0-100.0-100.0-100.0,-0.35334714109440724,0.2258661601966862,-0.0328808610467048,0.1570054358603136,-0.3346812044304607,0.5922281752689605,0.005670087860512303,0.2032708737998567,-0.09005990893090576,0.16620982190429048,0.025112706002980274,0.0441358495367732,253.4771449105135,256.5499495518109,254.23384904595812,256.64948403389684,253.7526198659976,255.76062454014468,253.10068015883365,255.56994348343426,True,2.6965859998890664,0.496621984900137,,,,,,,,,,,,,254.55920487132647,260.13064920708865,255.71886237371726,260.1856043319638,256.03888012068455,259.1836262524397,253.53634061318527,258.878602252054,3.0,7.8,0.1569367733800048,2.4897259914500625,2.596006323954744,2.6846298224873455,2.5660357375009104,2.5713470093074817,2.3708182203102806,2.288301659387528,2.5142742048800995,-0.37932814392046854,0.3128876710690529,-0.03766076735368219,0.16363596531287297,-0.36610415931326823,0.648662293898595,0.006181877425510894,0.21282917039880048,-0.0984404003184836,0.27325555165831317,0.04654940908719546,0.06852059187535307
32,circle_xy,False,10.0,0.02,60,10,True,499,0.4104286562414299,10.403735899599269,normal,nan,100.0-100.0-100.0-100.0-100.0-100.0-100.0-100.0,-0.20580280968184625,0.3339410768439493,0.03171128256143088,0.14922192740756957,-0.5805375691370028,0.323660848091611,-0.011904656507719335,0.19365235071821957,-0.08338741588166872,0.14907388614955994,0.022151372198282282,0.03970701738087481,251.98130108472117,253.78947596964,251.3325433957317,253.6560257386791,251.78857398052904,254.64986027171346,252.52739156728228,254.71201239636082,True,2.102571400027955,0.39793742282965544,,,,,,,,,,,,,253.47699142939075,253.1072176220992,251.17685480390722,252.9758871760539,252.92840518863144,253.99154501815156,253.0200524639482,254.99383851133416,3.0,8.0,0.0858075770934505,4.060856318954776,3.8381801821570907,3.7099688235899317,3.6558180703227845,3.5997776415670755,3.546199920837886,3.71254645926998,3.7917647941509878,-0.25192846676982417,0.3533693570151125,0.032062507616174914,0.15397381288987302,-0.584385734272471,0.3020914699505348,-0.010060858148379925,0.19465184264368127,-0.09925398728236112,0.10000925785957941,0.021184482441495563,0.03332288292429775
33,circle_xy,False,10.0,0.02,60,10,True,499,0.3892919216994897,9.998237299616449,normal,nan,100.0-100.0-100.0-100.0-100.0-100.0-100.0-100.0,-0.1883560310761667,0.31576103479199186,0.02915217639633018,0.142248658480396,-0.5691433060646593,0.3131868632037933,-0.017267182345475716,0.1847638004374276,-0.0773062500486443,0.13442170092313765,0.01946532552112349,0.035958583663381366,250.34301546021968,251.97469237136073,249.7106842769167,251.88666788433636,250.21553892185148,252.8888628579924,250.94865274823212,252.92314382432096,True,2.69719059986528,0.3764021369159395,,,,,,,,,,,,,251.738735398124,251.43981175345672,249.59748103063058,251.16683102959098,251.3478781502458,252.14018071826635,251.47502494572652,253.27341004298935,3.0,8.2,0.08269391762730029,3.8929022224965415,3.674200413822841,3.5819172593837907,3.4940448439965106,3.4951019154268455,3.384909553751701,3.5680433505781384,3.638688707803885,-0.2386075688982321,0.3342373781615131,0.02937573568466772,0.1468405233148962,-0.5737650429398359,0.29317959817069733,-0.015855053672773504,0.18631742373402838,-0.09310894800503078,0.09044616119818635,0.018536952077190114,0.0310008816484438
34,circle_xy,False,10.0,0.02,60,10,True,499,0.37033587356217884,10.194683900248492,normal,nan,100.0-100.0-100.0-100.0-100.0-100.0-100.0-100.0,-0.17337265745229355,0.2987521485961574,0.02564387684934477,0.13554386055806159,-0.5580747868165266,0.30339013858242175,-0.021611284510992926,0.17685728058284078,-0.07172774349807039,0.12181920841597356,0.017041349061771162,0.032749156638239865,248.83263382702674,250.30764649209232,248.217012115116,250.2551870239936,248.7561638285086,251.26302263792417,249.48578688246317,251.27714763959625,True,2.4921165000996552,0.35690208635565007,,,,,,,,,,,,,250.04022223968278,249.90089663778073,248.22974285084322,249.5395643309643,249.7930031464228,250.4777133758227,250.0303136009484,251.653932913756,3.0,8.5,0.08173389562005025,3.6553465092633926,3.4477054732847607,3.366811172688368,3.2661589042088877,3.3308489705718887,3.1648715088054886,3.338373260099171,3.423763335317796,-0.22925023117904747,0.3161986098780022,0.024904545773556507,0.13953925615682378,-0.5631683093646539,0.2855596045875272,-0.02056824020892008,0.17865465469857694,-0.08747593134741785,0.08200144553875119,0.01663969334609004,0.028816629666305462
35,circle_xy,False,10.0,0.02,60,10,True,499,0.35312170791194164,10.158598300156882,normal,nan,100.0-100.0-100.0-100.0-100.0-100.0-100.0-100.0,-0.2827143018603338,0.16036773298204537,-0.021553292840873806,0.12884450291022267,-0.5473179647872511,0.294182353144099,-0.0249012585988396,0.16999589533359996,-0.11113028177940328,0.06647911141920852,-0.014908676732077613,0.029985256629276542,249.21755792762784,246.95871728463806,248.57570530953163,247.0324102815224,249.2418263995555,247.902599137133,249.98374633378995,247.90097936740554,True,2.3342282999365125,0.3571750123604002,,,,,,,,,,,,,253.49161215390777,248.985652126681,251.41213235248742,249.75779283340972,254.12929618716862,250.42290973380486,253.06328034818304,250.85221875397747,3.0,8.8,0.06626420194007146,2.370821397275877,1.7700452307612213,2.2277385993827488,2.10055714476239,2.378328626496487,2.154724240283186,2.372411146053535,2.0709070655199944,-0.27892131114150676,0.18617544583849477,-0.023144848180425205,0.1333067514646164,-0.5843053132352819,0.2887425449259799,-0.02715066196849768,0.176182531868679,-0.2000771188450971,0.04769947989363905,-0.02294405870597357,0.05163358241484519
36,circle_xy,False,10.0,0.02,60,10,True,499,0.33739988698162027,10.105057000153465,normal,nan,100.0-100.0-100.0-100.0-100.0-100.0-100.0-100.0,-0.1510611046099161,0.2673815374071984,0.01717357104548743,0.12207921430024456,-0.5368448846259675,0.2853441181783461,-0.027179365971058425,0.1640837728161528,-0.061482620265842246,0.10221963346257702,0.013081453309571228,0.027620980702378724,246.1533072242624,247.36365022124735,245.5437359748824,247.34197503348156,246.12250230287364,248.35153347717912,246.8508834898719,248.34791094119285,True,2.608512099570362,0.3241563050691739,,,,,,,,,,,,,247.14003062521115,247.2435748776909,245.82052690808544,246.70548000582116,247.03485819901005,247.628281755035,247.45187194294175,248.79950373808336,3.0,9.0,0.08078698365805391,3.176076276896091,3.03199799395649,2.9480929440325134,2.8588645062177247,2.971719039532284,2.7388901735820568,2.8557888914119154,2.9825187163744356,-0.20067871106567378,0.2844955391319432,0.015280334807351682,0.12468474154844258,-0.5422050545100302,0.2709619729056309,-0.025436695900813683,0.16739312858726582,-0.07689693414977489,0.06948523840650431,0.012674821195057487,0.02621932047506045
37,circle_xy,False,10.0,0.02,60,10,True,499,0.3230463105217551,10.060306899569696,normal,nan,100.0-100.0-100.0-100.0-100.0-100.0-100.0-100.0,-0.25293962863551533,0.14454586376670492,-0.01272768239937222,0.11528071186425383,-0.27708522240630684,0.5266835162154374,0.02852982547829914,0.15899790362497312,-0.05688582568449531,0.0945524243905872,0.01151130454188358,0.025551586656976797,244.93172847681925,247.04487956272683,245.66078708172543,247.0397095996368,244.95634337985965,246.05524311312223,244.34342856330017,246.0379162749236,True,2.3712664997729007,0.3478924140026027,,,,,,,,,,,,,247.1706296006711,251.7335962810725,248.48846115177858,251.28374647059434,248.54276107533042,250.05270079327977,246.53978903733474,249.9177267900132,3.0,9.2,0.10219989993066578,1.789357510516182,2.1574629623418438,2.0754589726101815,2.020950987999023,1.807139922213059,1.7507399816610236,1.7239856284452366,1.902894599752034,-0.28086606719977725,0.1774751830017141,-0.01601514209945129,0.12160741739541998,-0.3124756734775677,0.5957594217840432,0.030634111218634148,0.16860334076755884,-0.06461919292490632,0.17486070782132693,0.02489195332046256,0.04565365043541331
38,circle_xy,False,10.0,0.02,60,10,True,499,0.3098534844871142,10.055081100465031,normal,nan,100.0-100.0-100.0-100.0-100.0-100.0-100.0-100.0,-0.13903304332303162,0.23962026960545696,0.008382696063328062,0.10853519005046058,-0.5168244642978187,0.26936288837801053,-0.029056757714810345,0.1545659061393298,-0.052726669177640934,0.08766385503382433,0.010153204288847993,0.0236830527963611,243.83578712444705,244.83379700243208,243.22015074348687,244.81951048449784,243.8154991005365,245.83006370710356,244.54502542422202,245.81733774355337,True,2.3682652997376863,0.2966358891692596,,,,,,,,,,,,,244.82026248827947,244.83326236658723,243.2370871585565,244.30186926821852,244.75650889605103,245.19801056399453,244.9970497461438,246.2920481582481,3.0,9.5,0.07647206629899264,2.9633112806518063,2.8244178338952475,2.7716284203658383,2.669546305970336,2.751040709658287,2.5747657545946345,2.609834873651426,2.795577796197179,-0.16270906080453443,0.25722144097083166,0.007526454346035578,0.1120382961140458,-0.5216253204946859,0.2549458654695575,-0.02722654004698162,0.1580893733761312,-0.06831810705128635,0.058279890476927367,0.0072234055670026415,0.024560210464464896
39,circle_xy,False,10.0,0.02,60,10,True,499,0.2976717648195288,10.150875199615257,normal,nan,100.0-100.0-100.0-100.0-100.0-100.0-100.0-100.0,-0.13398625757247104,0.227319560978162,0.004265202531121176,0.1019549679172439,-0.2620229831183234,0.5072672099932243,0.028876471493330363,0.15060426825942919,-0.08143025317353507,0.04895873077935851,-0.008991669921256133,0.021991585842583025,244.14615845087175,243.2696283708121,244.91645330726894,243.27528485619982,244.15412633804115,242.31648316216257,243.4931020470852,242.33793542155925,True,2.2587752999097575,0.3116059642717515,,,,,,,,,,,,,246.29616977865103,245.14219411625183,247.84477834829525,245.53430162102038,247.49324320422622,244.87894587460872,244.64922362080142,244.68627962612106,3.0,9.8,0.058038188341057784,2.091839947363563,1.8989698515525193,1.9817175717898246,1.7782459029169888,1.9396896379050188,1.8217748311634197,1.8731815740460478,2.0224133758517557,-0.17679037472494807,0.2240570755146138,0.0042168521625654005,0.10798368210947305,-0.29535277827701895,0.5532254652955358,0.029339059138159443,0.15931693686733484,-0.09248404662894501,0.06521562594027794,-0.019970199734137103,0.027595190137300923
40,circle_xy,False,10.0,0.02,60,10,True,499,0.2863980222385298,10.250174499728018,normal,nan,100.0-100.0-100.0-100.0-100.0-100.0-100.0-100.0,-0.12931593198814903,0.21593636529533422,0.000463815900424418,0.09565150513872857,-0.2552017429130862,0.4980089579111616,0.028111285288100214,0.14697468556107324,-0.07579236153611452,0.04553798795357321,-0.008006754722779643,0.02045970771411009,243.07037380491573,242.2776451835116,243.83812724011594,242.28272300946784,243.0775170763087,241.32776365037853,242.41737115255054,241.33857068272695,True,2.28739529979066,0.29939507645370705,,,,,,,,,,,,,245.29782948244153,244.26427879504237,246.67590368154106,244.6329408237872,246.4759239688106,243.8897681766782,243.63168008504104,243.7328574297256,3.0,10.0,0.05766075464581742,1.906216369755262,1.7252466391938155,1.820412187736952,1.6141625761346086,1.7894469138274822,1.681223702521344,1.7327792045835195,1.8457371127344018,-0.1743380769648185,0.2125729143951684,0.00037148309107676525,0.10174049858381029,-0.29035296658630455,0.5439873515359984,0.028481522879227193,0.15668141471659272,-0.08822328766973192,0.060911818522659616,-0.019319015128861,0.02743113107340062
41,circle_xy,False,10.25,0.02,60,10,True,512,0.2732998996720189,10.854770100064343,normal,nan,100.0-100.0-100.0-100.0-100.0-100.0-100.0-100.0,-0.20538423822119106,0.12476337469702761,-0.0004527970926342635,0.09107749852260306,-0.24880492962051015,0.48904476419908405,0.02660700673172901,0.141742907847348,-0.042426653668901054,0.07067865814407437,0.007203977175034939,0.01882643048592204,240.844902029343,242.59594877126358,241.57278815773518,242.57828697437904,240.84283551659337,241.59169573516934,240.22463147989427,241.58180642087734,True,2.9024320004391484,0.28368958327553856,,,,,,,,,,,,,243.18824746645527,247.22742885664428,243.93557642119507,246.66067889947215,244.88726128812198,245.2500478751759,242.6748869951838,245.2105068094667,3.0,10.2,0.08219300209111725,1.6315213720170982,1.8447972943623108,1.8243474018735808,1.6999651545394807,1.7008382455423914,1.4955222120718452,1.4503881887522223,1.5946103920501393,-0.23202846253683368,0.13083796545260698,-0.0017470987302166746,0.09553971818636417,-0.28394650943742067,0.5523784859525913,0.02758896063814467,0.1520118596160791,-0.049767428447397094,0.13171416211499115,0.014880337316976727,0.04025050381507911
42,circle_xy,False,10.5,0.02,60,10,True,524,0.2614147625949341,10.559443099919008,normal,nan,100.0-100.0-100.0-100.0-100.0-100.0-100.0-100.0,-0.19558385839633394,0.12016866955769527,-0.0001921608456377976,0.08673172888079811,-0.48036830536683406,0.24263183791448137,-0.02525457778859313,0.13690664295290544,-0.06601560757125885,0.03959086685509057,-0.006493621113966563,0.01737279159748825,241.10622570002604,239.5127132260246,240.45087661760815,239.52218540975554,241.10195190893322,240.45383607207015,241.86182416643766,240.45998838042863,True,2.513946099934401,0.2542774338640238,,,,,,,,,,,,,243.4223228477153,240.44333734253055,241.86279373436082,240.86618815575025,244.48052718539745,241.38547562847359,243.48965077698148,241.9750592668587,3.0,10.5,0.04279078584499123,1.468179516676367,0.9725871562713925,1.4682274330908132,1.1046610130259307,1.4473949207213637,1.2586195394052715,1.4768194065099431,1.2455200898105272,-0.19785877686712094,0.11982428415505658,0.0006418667363814497,0.08702504384180945,-0.5122270664444849,0.23646018080587566,-0.027070581516467802,0.13975688012308132,-0.13601656193005154,0.02228638146455713,-0.011869817538746157,0.03677164542684967
43,circle_xy,False,10.75,0.02,60,10,True,537,0.25025085006996245,11.02430619992083,normal,nan,100.0-100.0-100.0-100.0-100.0-100.0-100.0-100.0,-0.18646617777071126,0.11553763409072701,-0.00018863276110162968,0.08278579192419507,-0.47197216385430796,0.2368262644310234,-0.023969434166463854,0.13219941406002175,-0.06176766270570396,0.037001533599664856,-0.00586802412212598,0.016046186872605707,240.2025473556031,238.6786261760714,239.5508133074335,238.6879417234005,240.20005338419375,239.6151447071376,240.95487912340988,239.62736240160083,True,2.3851967992377467,0.2419870184660618,,,,,,,,,,,,,242.31399331074599,239.4050563776288,240.7694891073471,239.83636034453838,243.3271290489666,240.39911649468652,242.40211420044685,240.98388089437512,3.0,10.8,0.04184065449614563,1.4089824685871104,0.9283720093715608,1.4168304653890031,1.0465979878064375,1.3810475426642774,1.2130361604656947,1.399548676839649,1.1966218000440165,-0.1890141216022325,0.11423609962812216,0.0006429195139806517,0.08310754347736964,-0.5027110442919854,0.2302275925765041,-0.025647264633907804,0.13488284248736263,-0.12970367813016798,0.02073182897252335,-0.010972978298692156,0.03505025241998997
44,circle_xy,False,11.0,0.02,60,10,True,549,0.2400751502480891,11.389837500551948,normal,nan,100.0-100.0-100.0-100.0-100.0-100.0-100.0-100.0,-0.17796986687663677,0.11089325378718767,1.9338568895131463e-05,0.07903936741065776,-0.4638482005911641,0.23128088277772424,-0.022809222007464863,0.12784985982676414,-0.057882713644253785,0.03463278602983249,-0.005312447812891024,0.014861243228977099,239.34637183260753,237.88717877180184,238.69894901753418,237.89656320175465,239.3457645426241,238.82647561514193,240.09481127810665,238.83604406503414,True,2.643679700093344,0.2308345717583492,,,,,,,,,,,,,241.1539022008948,238.37211570870716,239.62342918108493,238.7602435232708,242.17792827299593,239.41126047925087,241.31836147038968,239.99010757057758,3.0,11.0,0.041057046926308016,1.358775411337506,0.8925774731946244,1.3721612101170664,0.9984286699659936,1.3277197691287859,1.171329956828548,1.334233539702203,1.1499522784174374,-0.18079219216311154,0.1103416985064078,0.0008727996680886625,0.07938567653781556,-0.49352289600905025,0.2243771333273762,-0.024335407864390018,0.13039955854211027,-0.12369815325075229,0.020677834096323403,-0.010212470353442398,0.033446908620203004
45,circle_xy,False,11.25,0.02,60,10,True,562,0.2304691868846777,14.651572100585327,normal,nan,100.0-100.0-100.0-100.0-100.0-100.0-100.0-100.0,-0.1062900665240639,0.17004000280434042,9.552276054938925e-07,0.07563352795447617,-0.4559878013138986,0.225970247534557,-0.02170267615041945,0.12360901023128856,-0.03246177777199724,0.05432249400568024,0.0048211697779320245,0.013775294097388185,237.5854809135962,238.06510223461456,236.9707871951831,238.06272101876374,237.5841549270476,239.0588774441439,238.30311794802577,239.0518729030385,True,2.577604400459677,0.21581475134715564,,,,,,,,,,,,,238.7824734333191,239.00269677770848,236.9944083555823,238.0933552190532,238.72931323083924,239.1315731540394,238.8221149797842,240.07216415478257,3.0,11.2,0.06647571547453962,2.316426502498916,2.015040547158136,1.997313549005297,1.9130119203832812,2.1264453219842183,1.8668914808382153,1.85316627943281,2.041954062830081,-0.13190018194322886,0.19004011501335888,0.0005006021803877889,0.08015261613191703,-0.45807217642175263,0.20391938590401537,-0.021231900933670843,0.1248340530164098,-0.04683226871843217,0.03761361163402459,0.005222716124775565,0.014594108004511445
46,circle_xy,False,11.5,0.02,60,10,True,574,0.22168118295164674,12.18228939990513,normal,nan,100.0-100.0-100.0-100.0-100.0-100.0-100.0-100.0,-0.10179223218622604,0.16262773679140813,-0.00016138696782896496,0.07238307250268622,-0.448382088170648,0.22095230974185745,-0.02070126277862005,0.11969209916838539,-0.030468596532056382,0.05105907111742527,0.00438340152238379,0.012801770962929199,236.87554472477603,237.30606307014654,236.26273344489957,237.30376829948432,236.87229538622842,238.28993841562533,237.58787376869898,238.2853206621114,True,3.540914900135249,0.20696015366330628,,,,,,,,,,,,,238.02341787165057,238.23487433725313,236.2546678657036,237.26528881098244,237.94863242965252,238.4210289505436,238.16794764521742,239.43762918528444,3.0,11.5,0.06564694397383586,2.2080914058860914,1.9073039125132032,1.9029596352308675,1.81367767930962,2.0398869616438216,1.7573119609832575,1.7597090675662965,1.9227381290172512,-0.1258563397320266,0.18293072881835548,0.00036609463515955,0.07670448364775538,-0.4502038256909419,0.197925252416875,-0.02032862666615273,0.12083757131108051,-0.04435421394886374,0.03606745656547905,0.005461672293165454,0.013783659803253762
47,circle_xy,False,11.75,0.02,60,10,True,587,0.2133535934926956,11.972505499987165,normal,nan,100.0-100.0-100.0-100.0-100.0-100.0-100.0-100.0,-0.15568908900111136,0.09742182856123913,0.00012844629999651756,0.06941292490154001,-0.441022118448695,0.21625018919848213,-0.01974235836389079,0.11587278457092393,-0.04805868388711646,0.02863578318507541,-0.003994582649942763,0.011906038685721576,237.04060129793808,235.74942618425376,236.40826332515186,235.75980166137893,237.04508387187576,236.69064343945274,237.78104101797342,236.69302975874112,True,3.174208700278541,0.20237961781429342,,,,,,,,,,,,,238.2073948017562,235.70563228791397,236.68398841546343,236.07771176679648,239.080408699372,236.5706694531854,238.34563781857221,237.10308661342398,3.0,11.8,0.03997702582936306,1.2087344954913601,0.7956265361946712,1.2553998646064042,0.8695698205315654,1.1855617802065073,1.0339261451668214,1.1911994320471593,0.9965952714523908,-0.16025132855278484,0.09936652611490626,0.0009111338216170247,0.07017122627945577,-0.4675435337250659,0.20884508109446673,-0.020969949174231263,0.1181231521058882,-0.1078872947495857,0.022032454292221625,-0.008191198835958794,0.02951775620608799
48,circle_xy,False,12.0,0.02,60,10,True,599,0.20570053433823163,12.048872500279685,normal,nan,100.0-100.0-100.0-100.0-100.0-100.0-100.0-100.0,-0.14918471630157018,0.09317475913100329,0.00026132208812652396,0.06656179146504639,-0.43389890818093196,0.21173283515167984,-0.01886950287821448,0.1123335519399125,-0.04530034519397852,0.026947458011082982,-0.0036471924078522932,0.011099607631082585,236.35256745843404,235.1044971379389,235.72023161505516,235.11533971312335,236.35286753279252,236.04427535824837,237.08866642927296,236.04455230323876,True,3.4996807001007255,0.194345329835969,,,,,,,,,,,,,237.2950729828735,234.89088204164975,235.77206479438934,235.25799057815698,238.12839581452448,235.68741282797788,237.44646582226517,236.21532136558474,3.0,12.0,0.040020548928719084,1.160347682524627,0.7640356848489736,1.218752422734302,0.8260458091929194,1.1419630481166447,0.9828010005590234,1.157529076194721,0.9429802988143738,-0.15446175801199727,0.0960149972104849,0.000999035076207595,0.06746671155845564,-0.45940267333750795,0.20384615771255057,-0.020024254654180708,0.11456629815973639,-0.1032625429795589,0.022250581113920104,-0.007718925121442317,0.028455073668271956
49,circle_xy,False,12.25,0.02,60,10,True,612,0.1984229471205828,12.350651800079504,normal,nan,100.0-100.0-100.0-100.0-100.0-100.0-100.0-100.0,-0.1431015462029433,0.08907725731680959,0.00022454745101956075,0.06394569589995894,-0.4270035810190698,0.20744541970879524,-0.018030140962578923,0.10888118157556839,-0.04275774641522026,0.02538980371795737,-0.003337276884070701,0.010354956761491509,235.70072348488915,234.49466614085011,235.06927532360797,234.50417996432915,235.70309806045572,235.43059820005288,236.43238189009134,235.42892157317752,True,3.0134864003339317,0.1867795130096977,,,,,,,,,,,,,236.48458883765582,234.21598320323847,235.00268570293247,234.57290780282597,237.312049080165,234.9326803814022,236.66263233530546,235.47152115897586,3.0,12.2,0.04047911940624678,1.115981271040354,0.7353901570605716,1.1820606358011885,0.785453125259094,1.1024769698559842,0.9338757137290218,1.127635821840814,0.8907966166164003,-0.14904518269546838,0.0926321162962975,0.0008409096696738055,0.0650919932908859,-0.45149923834982425,0.19885633589111573,-0.019134629529261274,0.11115204457003013,-0.09879021188746741,0.022245666488599557,-0.007257162722132632,0.02743416689078266
50,circle_xy,False,12.5,0.02,60,10,True,624,0.19171049583946054,12.441051899601007,normal,nan,100.0-100.0-100.0-100.0-100.0-100.0-100.0-100.0,-0.08519895927284621,0.13738582447225994,-0.0003359245794932534,0.0614250803169124,-0.20337475001737834,0.4203274181149178,0.0172629363667942,0.1056847739921473,-0.040409952295003514,0.023950490312274694,-0.003059232418281549,0.009682372132412352,235.08770495895345,234.84765230255786,235.80992455712598,234.84416948921069,235.0827804703118,233.91980621259785,234.45741891480293,233.92711109741077,True,3.3012395000841934,0.19284855619432167,,,,,,,,,,,,,237.22439481470036,236.78241183604302,237.5576077334082,237.03900727662727,237.8868096924415,236.1350128604022,235.1651043979675,235.83974107673745,3.0,12.5,0.050555542881704614,1.3806085228373342,1.1124692775588052,1.1788526989215193,1.1188282697508354,1.4039524850576701,1.1605464879793546,0.9847180368340458,1.1105779363611166,-0.12773046173684272,0.1310878047998337,-0.00026556358706915546,0.06518965012358946,-0.24290552573318855,0.464018932142717,0.017919057301982268,0.11555289913285105,-0.05269981943260126,0.03247774613274857,-0.008373641396522007,0.01980300616264296
51,circle_xy,False,12.75,0.02,60,10,True,637,0.1853049062413955,13.299799400148913,normal,nan,100.0-100.0-100.0-100.0-100.0-100.0-100.0-100.0,-0.08174128781101335,0.13200541170386673,-0.00029733255866978446,0.0591060474671607,-0.1994073971116335,0.4138619104031925,0.01652250920480237,0.10255450669031502,-0.03823214424067811,0.02261858932734088,-0.0028101057177561295,0.009058777482186468,234.49800083944663,234.2875052601818,235.2126380301794,234.28234886506078,234.4907125575175,233.36842129469915,233.87177586669702,233.3768164427076,True,3.2722298997396138,0.18565551928265264,,,,,,,,,,,,,236.57309602592025,236.12556640491488,236.86963498239203,236.3935747255156,237.2065818206431,235.54196669150056,234.52267119111127,235.1815481611157,3.0,12.8,0.05061306204418678,1.355943377651272,1.0788856143942822,1.1583660318531876,1.0890983392650346,1.3854643707786822,1.1416107434057792,0.9595077254609851,1.0777655170339402,-0.1237640418619877,0.12540591189097816,-0.0002137852573832258,0.06276234013708494,-0.2386127038834923,0.45699478603241356,0.017142676931228288,0.11217211488808161,-0.04981409977440676,0.030834540272373152,-0.007493404847180963,0.018734418689017766
52,circle_xy,False,13.0,0.02,60,10,True,649,0.17937556091922766,13.21763920004014,normal,nan,100.0-100.0-100.0-100.0-100.0-100.0-100.0-100.0,-0.12693462121487437,0.07865039151350861,0.00039074380162402685,0.05686575304622284,-0.1955987639532366,0.4075987871998926,0.01584676658945188,0.09964914895508449,-0.021384273654272465,0.036212885707116824,0.0025854484569326837,0.008493534016930393,233.26728349295394,234.4189666724996,233.96814412939537,234.42383882257002,233.27676997919343,233.49241467713955,232.6810006537727,233.4830316653612,True,3.8527663002023473,0.1723811608915624,,,,,,,,,,,,,235.5476809121964,238.01037162951752,235.81531519260218,237.57496009328585,236.6543560058421,236.54867843778865,234.31039526000018,236.13251168169745,3.0,13.0,0.06584286783319025,1.4359068505973234,1.3195398640156843,1.512379811568282,1.3228752561072252,1.6086129787616985,1.2096103468342139,1.3052061530331598,1.157752404519376,-0.15138399909132066,0.07469545711939561,-0.0003653644629510225,0.05916185934187461,-0.23133292477097508,0.45728420474871223,0.01601234622078147,0.10755696552630485,-0.026618599653202346,0.07609420630018887,0.008032943133182277,0.02451396183420469
53,circle_xy,False,13.25,0.02,60,10,True,662,0.173703383312898,13.261168499710038,normal,nan,100.0-100.0-100.0-100.0-100.0-100.0-100.0-100.0,-0.07577608407434565,0.12215027956546344,-0.0003512984111330293,0.05479918267173965,-0.40153003844567536,0.19196739674451885,-0.015193577899170486,0.0968074683285828,-0.02023880663934859,0.03433944700781556,0.0023830467276871963,0.007967967794396793,232.77637744887463,232.9603502617009,232.17914070626534,232.95003509686896,232.76490506329162,233.8804747813732,233.46083415228142,233.88718852357914,True,3.239421800361015,0.15918902430141457,,,,,,,,,,,,,233.01338276218146,233.62482333749392,232.228480215979,232.4118521303762,233.1557979523373,233.8258929858983,233.748237953722,234.57616623421916,3.0,13.2,0.06015207796133619,1.6770481344809507,1.2939637264672368,1.5266408750690552,1.2741366881091865,1.6261702819829553,1.2188344624138336,1.3577537208323607,1.3137698830270716,-0.0803878507519957,0.1439745723426355,-5.037291639117676e-06,0.05792822200935616,-0.4016767468775983,0.16409038383474805,-0.014968601764666262,0.09697434656173227,-0.03070792664536281,0.03095056956354906,0.005741849486336104,0.011917480215186566
54,circle_xy,False,13.5,0.02,60,10,True,674,0.16843605662928354,13.724300400383072,normal,nan,100.0-100.0-100.0-100.0-100.0-100.0-100.0-100.0,-0.07318619467903709,0.11763127076089983,-0.0004299330038977945,0.05279821329203401,-0.39564794020761634,0.18848882002809342,-0.01459493018847413,0.09416757397236246,-0.019174365970236234,0.032597893166883135,0.002199922587858939,0.007490071173665415,232.29894506917185,232.45371074188296,231.70351066796525,232.44254391645416,232.28566059625345,233.3672585917275,232.97651608489525,233.37564141693588,True,3.3214604002423584,0.15398233979846263,,,,,,,,,,,,,232.47476798420712,233.1308371877908,231.77234218916584,231.88072741202333,232.6169345378811,233.35486619796785,233.29915494517252,234.08081080250977,3.0,13.5,0.05968418401668615,1.62815586637753,1.2304053164094246,1.4944479164010251,1.2155749068374144,1.5891047964171974,1.164865560549221,1.3239991501614026,1.2527821397948185,-0.0773807713230651,0.13955435549012016,-9.048406144485823e-05,0.055877231225584786,-0.39560896778652904,0.16024066647339819,-0.014392435730918668,0.09417778435920278,-0.02930530617625883,0.030518158110759263,0.005566933282365262,0.011915989356647932
55,circle_xy,False,13.75,0.02,60,10,True,687,0.16338013288999886,13.518831900029909,normal,nan,100.0-100.0-100.0-100.0-100.0-100.0-100.0-100.0,-0.1133583148454618,0.0707136655059096,0.0003898437686478297,0.05094882346814833,-0.18513430812216913,0.3899450475524093,0.014013489834341043,0.09157337488575247,-0.018183932313437397,0.03097206327272253,0.002034429033659788,0.0070440465949258195,231.82339501518385,232.8725208561878,232.5085877651949,232.88242670846955,231.83834142535173,231.966211699935,231.24737855179345,231.95424575842074,True,3.4780027998494916,0.15434660032190808,,,,,,,,,,,,,233.98257787414596,236.25987582239776,234.33860297151125,235.88917373544808,235.06320229331757,234.99610260110765,232.76790121479735,234.43026030938012,3.0,13.8,0.0643621859888956,1.402332974487539,1.230547921406545,1.4912856072577791,1.252712662308192,1.5705934337133665,1.1713719542547378,1.3117847765049622,1.0919703838665011,-0.13680294873860818,0.07257328265262605,-0.0003626188965611192,0.053194404880095594,-0.22051944756637842,0.4358148548684636,0.014054595364110984,0.09892504678815355,-0.02825445330250249,0.06892924595205951,0.007062946824801908,0.021832682138449005
56,circle_xy,False,14.0,0.02,60,10,True,699,0.1586715194060129,14.018571500200778,normal,nan,100.0-100.0-100.0-100.0-100.0-100.0-100.0-100.0,-0.0683113989370052,0.10931393902639089,-0.00045582318029678857,0.049154484875115353,-0.3844142099091207,0.1819619506453392,-0.01347975472796196,0.08916038663372387,-0.0172611725396249,0.02945707409679457,0.0018841607129088161,0.006637283962723912,231.39877887077546,231.50183525869127,230.81245409283406,231.4891475503063,231.3823285103671,232.40084485915642,232.06179175893988,232.4121230955004,True,3.618401900079334,0.1445117057052871,,,,,,,,,,,,,231.49785133376005,232.20249324682024,231.13277185683694,230.99213787830533,231.4703304347505,232.5833618748783,232.52184708139356,233.17796490447023,3.0,14.0,0.05907567367138996,1.5422801385204514,1.1260592215322855,1.446992743775777,1.1142531055730183,1.5280112864022593,1.0677873555802762,1.2805518596532623,1.1448283410520386,-0.07423149452079181,0.13133308824698373,-0.00016323667438467406,0.05215106347259593,-0.38404012071283056,0.1533699420802722,-0.013305401886164065,0.08892025423251841,-0.026786517492361602,0.02966801340914092,0.00501323294446646,0.011930774715157254
57,circle_xy,False,14.25,0.02,60,10,True,712,0.15414319890882525,13.829232600488467,normal,nan,100.0-100.0-100.0-100.0-100.0-100.0-100.0-100.0,-0.06599051449666744,0.10548214208347617,-0.0004155637752063737,0.047492725113861885,-0.1789262036819803,0.3790485675554706,0.012961215095388313,0.08679347162682532,-0.028043597246207523,0.016400455545769903,-0.0017476332714465765,0.006256712996021517,231.49101028985734,231.438184080013,232.16004023371116,231.4256462105194,231.47324803260958,230.5499102006745,230.89410669002334,230.56328011905617,True,3.7416528995672707,0.15117149578292569,,,,,,,,,,,,,233.420863530475,232.95527745985262,233.51474692981267,233.26931547154504,233.79586381790986,232.51481338219148,231.30170483564467,232.02549743690423,3.0,14.2,0.0533408916315347,1.2034769268487688,0.8385749568073205,1.07794348461139,0.8577776537833622,1.2554926039793843,0.9477559306351424,0.9199013528621851,0.8013300506222696,-0.09828287914813592,0.09802605918043697,-0.00018474126020785725,0.0504149510813285,-0.21622485177504105,0.4180865678669212,0.013332190493583031,0.09499941812104731,-0.03545878448251147,0.02328464942374016,-0.003706099108788709,0.014989973649007681
58,circle_xy,False,14.5,0.02,60,10,True,724,0.14991414699160796,13.329179600026691,normal,nan,100.0-100.0-100.0-100.0-100.0-100.0-100.0-100.0,-0.06381423312855325,0.10184830059578959,-0.0004712689616483174,0.04587697693235223,-0.17599987624477145,0.37384155091557825,0.012484494149011927,0.08458758282945646,-0.026722280403338978,0.015596596965249256,-0.0016232812931075698,0.005908596564325889,231.06512543010464,231.03344878626928,231.73172715187744,231.01980280527187,231.04614489966966,230.14991878487777,230.47369146402903,230.16387668925873,True,3.4215443999273703,0.1465738320592962,,,,,,,,,,,,,233.02869379286977,232.51310234228214,233.02282870425097,232.82543256934522,233.36077738401372,232.08588809744984,230.79826863101204,231.59335528328805,3.0,14.5,0.05377594069986801,1.1829494128824893,0.8030259338463052,1.075323741780806,0.8266068985708983,1.237099958088959,0.9152683412666593,0.9285239596269427,0.7620830865034667,-0.09413648684015093,0.09444979704716155,-0.00020004503334675037,0.0486667879017324,-0.2129183290002773,0.412002941893303,0.012806732761263913,0.0925355192566877,-0.033580974773027725,0.02343984447719506,-0.003323025133599211,0.014569084603644717
59,circle_xy,False,14.75,0.02,60,10,True,737,0.14583618126503375,14.875112600246212,normal,nan,100.0-100.0-100.0-100.0-100.0-100.0-100.0-100.0,-0.06172980084343458,0.09839903564513579,-0.0004316947668408076,0.04437763047306551,-0.17310777562593774,0.3687868586117192,0.01201992584822236,0.08241302996233722,-0.025482335819143023,0.01484499783801419,-0.0015099791651316068,0.005581752067144762,230.65367763617022,230.64140325630092,231.31792414356875,230.6267495802666,230.63358560196681,229.7632902255387,230.06795015255338,229.77778951288386,True,3.6293649001745507,0.14218978803644491,,,,,,,,,,,,,232.6537747652203,232.09721969323226,232.56006434017897,232.40570325140837,232.9453396649534,231.68537646743022,230.32192964533775,231.18271638231,3.0,14.8,0.05418989217572647,1.1637724663373326,0.7701731385898386,1.076024011290861,0.7985290602032706,1.2186724652895942,0.8852238859196622,0.9418873933736442,0.7267622238043696,-0.09023932865280387,0.09114678617970587,-0.00012296201212169436,0.047036973259780374,-0.2097064267201473,0.4060484720501391,0.012299085170065158,0.09011933995325962,-0.03181667648170307,0.024440062607972997,-0.0029506813850238393,0.014261725192033595
60,circle_xy,False,15.0,0.02,60,10,True,749,0.142018727581448,13.858279599866364,normal,nan,100.0-100.0-100.0-100.0-100.0-100.0-100.0-100.0,-0.09512205282641946,0.059699733694629935,0.0004790218587960761,0.04291720129092858,-0.17033289903600937,0.36387847979895094,0.011592194798846187,0.08038526177225999,-0.014141506629554162,0.024325249799882986,0.0014064522190388447,0.0052820121969448484,229.79588678593512,230.70693296649742,230.45560616896913,230.72245094236774,229.81700833791493,229.8446324344371,229.2508965789094,229.82969914206413,True,4.07141229978879,0.13116127469138214,,,,,,,,,,,,,231.84713737880512,233.72748740581338,232.32475007849243,233.51310669613233,232.79067840994375,232.81765284167832,230.69566884941906,232.12283173353387,3.0,15.0,0.06399480117961179,1.3368243539781623,1.0788371063992903,1.4439613284210915,1.1201738824309384,1.5115017761919276,1.0709567775412896,1.312250278537499,0.9793986117150892,-0.11735292119753686,0.06136474022419828,-0.00021097657063530188,0.04505069155210236,-0.20323813993963571,0.40337913387722296,0.011447678702977153,0.08698921278387688,-0.03135162704500105,0.06050321999787676,0.006242406029980336,0.019777167717105883
61,circle_xy,False,15.25,0.02,60,10,True,762,0.13833175951920973,15.199834700033534,normal,nan,100.0-100.0-100.0-100.0-100.0-100.0-100.0-100.0,-0.09200613437841072,0.057731833860765996,0.0004403533157274962,0.041559758787357334,-0.16766490618301785,0.35911064149492494,0.011175031496470427,0.0783906410418708,-0.013482283128674976,0.023242682551229417,0.001311691762449659,0.005000028945378234,229.439301579835,230.32670065938007,230.09803291875846,230.3430135043307,229.4612992087095,229.47613868685312,228.90057167275887,229.46058344781758,True,4.116523300239351,0.12730719410068256,,,,,,,,,,,,,231.46536644631854,233.26892085819213,231.9564397464705,233.09172891323857,232.3769552744075,232.43145090163094,230.31261228808324,231.70888717424702,3.0,15.3,0.0642791058401353,1.323426477247046,1.0424279341644762,1.4306296587186873,1.0880289291835856,1.4987640252259753,1.043692155885861,1.3089946859919113,0.9504608925122526,-0.11402747963057658,0.061776029084243074,-0.00021298548915383515,0.043683157251180445,-0.19999596727008664,0.3974504283133718,0.011008760338622317,0.0848760539325015,-0.0323893162093551,0.05925467880406968,0.0062652043937962325,0.01982407906280063
62,circle_xy,False,15.5,0.02,60,10,True,774,0.13487196699580598,16.296073900157353,normal,nan,100.0-100.0-100.0-100.0-100.0-100.0-100.0-100.0,-0.08904084824927308,0.055866388592341,0.0004806271077994048,0.04023539946782157,-0.35447785409449767,0.1650856794134407,-0.010790228928397852,0.07652694221097485,-0.02222590179909248,0.012863914408849741,-0.001224907690185236,0.004740735928868409,229.5100961423454,228.70199339726727,228.9566754870161,228.71776102728467,229.53421392898252,229.56259231863257,230.18134486050806,229.54554961036274,True,4.3862936997029465,0.12366953720447897,,,,,,,,,,,,,229.4071606152077,228.36444912633547,228.41417492984277,228.3514108711125,229.88808949841658,228.65240584707314,229.84527912252813,229.30114114718438,3.0,15.5,0.05084230295249794,1.080821971489954,0.5724011474561131,1.0960315287705487,0.5888663391734003,1.1065394652318072,0.6141718332439072,1.1425648048037782,0.6007656551120941,-0.098695988355179,0.0566893998333984,0.00035142574679597265,0.04248629159205284,-0.37028468858037944,0.146622895563787,-0.01127417231301961,0.07806359094592706,-0.055593768477700575,0.023644650461207176,-0.002594003736054911,0.017835788059932273
63,circle_xy,False,15.75,0.02,60,10,True,787,0.1315232588389849,15.487840900226729,normal,nan,100.0-100.0-100.0-100.0-100.0-100.0-100.0-100.0,-0.054533564151555206,0.08621669742258582,-0.0004431425965567052,0.03900241530537349,-0.3499748688984576,0.16253966640820447,-0.010413901434260114,0.07468526032421517,-0.012283298894141703,0.021267525222893723,0.0011452676617080828,0.004496001285436318,228.79081287119615,228.78168602823803,228.23973981757337,228.7650855563941,228.76590438808213,229.6169523105997,229.42142753805464,229.636338727517,True,5.00673269975232,0.11866669314852647,,,,,,,,,,,,,228.78594468970056,229.41500561374767,228.4584243655132,228.12521368672637,228.65831779547992,229.6607694035163,229.4706818489803,230.1740983254757,3.0,15.7,0.0583718065890729,1.4269585520591341,0.8690523440350686,1.2845623912237252,0.8348540401365389,1.470468190511952,0.7901496730658978,1.196299342145063,0.8497332982916534,-0.05758409782073365,0.10857187050889822,-0.00028034115445720796,0.04170098949376389,-0.3489238763256381,0.1355272628220795,-0.010241195399164849,0.07377996903948068,-0.020859715824552948,0.030239806442507712,0.0035976599422331843,0.013233956907778378
64,circle_xy,False,16.0,0.02,60,10,True,799,0.12837205964222329,15.953776400157949,normal,nan,100.0-100.0-100.0-100.0-100.0-100.0-100.0-100.0,-0.08352484665987858,0.05330239759786247,0.0004776393324443462,0.0377975646593435,-0.3455966692314547,0.1601375369537416,-0.010065944803742104,0.07296246034528531,-0.0203656740917544,0.011737550351467351,-0.0010721655553138914,0.00427044169290948,228.83376478359278,228.06625914994405,228.28638932609883,228.0833245082087,228.8595624088448,228.91133547185268,229.49216409839212,228.89125952581333,True,4.138076099799946,0.11774975396566313,,,,,,,,,,,,,228.7154893539723,227.67280716470574,227.73342752638527,227.60366936483197,229.10833349615888,228.01892624327186,229.23105530586957,228.71854918585947,3.0,16.0,0.052223100456339454,1.1014246915256645,0.5651767515751851,1.1081223709893002,0.5793909259346665,1.1236353643048753,0.596699920971446,1.1618377591717866,0.5851669074908542,-0.09576405645958462,0.05424034044867725,0.00032773133797854847,0.040158350564869945,-0.360602248967508,0.14075753655413378,-0.01047690776884442,0.07426566782711594,-0.05199645153112673,0.02493394301740815,-0.0022354543274218717,0.017317858342987675
65,circle_xy,False,16.25,0.02,60,10,True,812,0.1253431062495961,16.307760499737924,normal,nan,100.0-100.0-100.0-100.0-100.0-100.0-100.0-100.0,-0.08095715716578013,0.05200665102518572,0.00044125206545809863,0.03667459667017514,-0.15784651825939947,0.3413384660957357,0.00972715534489933,0.0712633266960515,-0.011224116601885496,0.019516458727534058,0.001004734958957536,0.004057199360556364,228.15054144471452,228.9619464567684,228.7938404715195,228.98255707551257,228.1770676348764,228.14078929303966,227.629211173743,228.12337449158616,True,4.113542299979599,0.11466333028772892,,,,,,,,,,,,,229.8759028250832,231.37053827314168,230.44345423580668,231.40158190901067,230.74618390686706,230.81158534723522,228.72092865086694,230.0250846129262,3.0,16.2,0.0657789630878493,1.2959027495826911,0.8995771511397309,1.380407491864076,0.9590636939414426,1.461790760766084,0.9348684361541327,1.2944718921830665,0.8339161037113545,-0.10194896451432507,0.0623498226719995,-0.00011917032580449306,0.03900164714506444,-0.18785969054777257,0.37526144975831166,0.009532972123128007,0.07729726320769874,-0.03673866937399419,0.05428809390902127,0.006087967086637294,0.020561302458975937
66,circle_xy,False,16.5,0.02,60,10,True,824,0.1225226236555616,16.735262999281986,normal,nan,100.0-100.0-100.0-100.0-100.0-100.0-100.0-100.0,-0.07850613029386615,0.05067986054372077,0.0004687525842838226,0.035578448596204314,-0.155635821553434,0.3371956884332485,0.009431980772011203,0.06967172317407953,-0.010740617294680772,0.018716064324740645,0.0009417776807558872,0.0038602667362625633,227.86146915441492,228.65434994741258,228.49862133990658,228.67545178789754,227.8885878258534,227.84022653424978,227.34271507541922,227.82248723553874,True,4.818756600288907,0.11193493225634508,,,,,,,,,,,,,229.54632513828554,230.95116373255496,230.11918426876596,231.03513093805637,230.38787539600366,230.4651755104817,228.3736506652946,229.66426639214984,3.0,16.5,0.06577934632359611,1.2936431623429523,0.8671259448002753,1.3668386114057705,0.9287817195952135,1.4572282814132396,0.9076305989523071,1.287712318983625,0.805249142682254,-0.09917056945822623,0.05958608515832734,-7.301792937759361e-05,0.03791538630133326,-0.1851666755487163,0.3701316995780972,0.009235737646799233,0.0756263570715342,-0.037705585340493876,0.05306450413070673,0.00587522513883973,0.020656956798501457
67,circle_xy,False,16.75,0.02,60,10,True,837,0.11982431885400965,16.706705999939004,normal,nan,100.0-100.0-100.0-100.0-100.0-100.0-100.0-100.0,-0.04937531913878021,0.07616477230312706,-0.000431347724822904,0.034556117219099125,-0.3331639820159019,0.1534569456473624,-0.009163791682846222,0.06809634847808513,-0.010284909605129027,0.017959157517152505,0.0008826950906411935,0.003673607851087392,227.60916607881987,227.54963332074888,227.06558103486356,227.5316112515516,227.58152537214016,228.35651723607637,228.21237236206096,228.37805023971939,True,4.094940299721202,0.10809250625007336,,,,,,,,,,,,,227.82298401742582,228.1646512951226,227.141516274059,226.8980668590822,227.72984975425123,228.3939275755211,227.9147808902716,228.9095131903303,3.0,16.8,0.059480868772485734,1.41078964542396,0.8147385733524235,1.2678162138470053,0.7711448269981058,1.4323156099953405,0.744465359448072,1.2237023011318895,0.8010316766304095,-0.05152600421956974,0.09887189188226247,-0.0003006639298426563,0.037883849684814286,-0.332593880800647,0.12772943432076053,-0.008972810045166243,0.06715550323982734,-0.01916343666657637,0.033631174221178554,0.003665381240638418,0.013809864024393274
68,circle_xy,False,17.0,0.02,60,10,True,849,0.11728696944279392,19.055843099806225,normal,nan,100.0-100.0-100.0-100.0-100.0-100.0-100.0-100.0,-0.07392667161941374,0.04812022668438476,0.000454815355785778,0.03355361562077892,-0.32923917419400006,0.15131844734477623,-0.008912870961197117,0.06661986112461545,-0.01724320273452477,0.009855000808345147,-0.0008287031577070784,0.003500766869832802,227.6333925750585,226.93809196386545,227.11147196513983,226.95638439647198,227.66144504168724,227.75969282925118,228.26589172880327,227.73775398725618,True,3.937324800150236,0.10773715354056919,,,,,,,,,,,,,227.4305956984722,226.55976185076548,226.54019984409808,226.4351720455091,227.6967843342628,226.83030752748934,228.0004570411692,227.573222148304,3.0,17.0,0.054225718908229636,1.126937836201912,0.5410845751810879,1.1054441532691845,0.5409736235081017,1.1400775361502646,0.5528747955857807,1.1711704213006804,0.5387142769482489,-0.09149100030619205,0.050779895210424406,0.0003161075331526278,0.03611690615377052,-0.3430096911574394,0.13148302518709903,-0.009197466094845858,0.0674268383577592,-0.045921283005206925,0.026744913853893725,-0.0020659593617605074,0.016487564620799644
69,circle_xy,False,17.25,0.02,60,10,True,862,0.11483564886707061,16.864804299577372,normal,nan,100.0-100.0-100.0-100.0-100.0-100.0-100.0-100.0,-0.07178583866402663,0.04690854893471356,0.00041673729824734336,0.03262103272950095,-0.14924898547631313,0.3254172872044037,0.008652513360495153,0.0651630823311208,-0.009449101664021084,0.01656651830192171,0.0007797370341988816,0.0033366421288889814,227.05071200242747,227.79192911338657,227.6687710427494,227.8141498729513,227.0791827745192,226.99979009414292,226.54437421256523,226.98131780267357,True,3.903914500202518,0.10446584839114577,,,,,,,,,,,,,228.5982565559046,229.81241305871475,229.21535862728243,229.98664920039104,229.3826389142243,229.47901858205222,227.4210095287756,228.6364959572086,3.0,17.2,0.06584060325738911,1.2753765080999482,0.7803231887093917,1.3186117761000145,0.847001190104847,1.427036278884495,0.8333092462600042,1.2548241242429923,0.7286253621377127,-0.09165060343390843,0.054488027018222696,-4.9938541037954024e-05,0.03498734654839036,-0.17788561703513267,0.3556180616603827,0.008499461354465875,0.07093476911289648,-0.03999461691943487,0.049523256752541496,0.005357302332288745,0.020925590459515073
70,circle_xy,False,17.5,0.02,60,10,True,874,0.11250416962516903,17.084880100213923,normal,nan,100.0-100.0-100.0-100.0-100.0-100.0-100.0-100.0,-0.06973671812971384,0.04574110789700963,0.0004323202536699305,0.03170907866434243,-0.14724644661937505,0.3216945279848436,0.008396408411490145,0.06379852147091934,-0.009065540354292984,0.0159264738844328,0.0007354360411702735,0.003184422804612773,226.80055797483277,227.52594595366438,227.41251580365298,227.54842534664417,226.8293413675985,226.74113347552952,226.30018203599312,226.72249493806547,True,3.971292399452068,0.10218492363337776,,,,,,,,,,,,,228.30345179205247,229.46091368071336,228.9334773512101,229.65843203895778,229.06890884529042,229.17062661676604,227.12673665052867,228.31360187972282,3.0,17.5,0.0658717337611005,1.2674304677288624,0.7544722054950613,1.3013673955790326,0.8216325231746648,1.4145567248625333,0.8115589630033927,1.2393645640005437,0.7070254538787616,-0.08934549581518436,0.0531476228498005,-8.526374755188978e-06,0.0340832842371542,-0.17567673546855075,0.3510742080205733,0.008254936217207423,0.06950642003749471,-0.04056705528422923,0.04836920909138281,0.005215785100306272,0.020997244393422383
71,circle_xy,False,17.75,0.02,60,10,True,887,0.11024242777384473,16.847102600644575,normal,nan,100.0-100.0-100.0-100.0-100.0-100.0-100.0-100.0,-0.06777414163982808,0.04461512831341668,0.00039168624988991624,0.030860136025077294,-0.31806726819830633,0.14526212948789752,-0.008136830336583818,0.06244380729476704,-0.015319069770397821,0.00870277477872681,-0.0006948391112346295,0.0030394707074821213,226.84310860287917,226.19467374462994,226.33988549891737,226.21347699951787,226.8721211286906,226.99677823962173,227.46720990922327,226.97404754888453,True,4.939392200001748,0.10137142836106208,,,,,,,,,,,,,226.66437709315002,225.8691206375291,225.83627032265082,225.70629258116966,226.85346875788372,226.153408261036,227.21656834552581,226.9197732458812,3.0,17.8,0.055007495176511635,1.1347355820801515,0.5263683806783889,1.0822722668270985,0.5098700275968945,1.137213078039624,0.516132823907989,1.1503763050076854,0.5049285425935089,-0.08901240830600979,0.04793305648864426,0.0002335830514007562,0.03371556794799001,-0.3310388533482956,0.126065601508213,-0.008348023846630971,0.06299259638321048,-0.042040138138477526,0.027580754653984775,-0.002056302676766532,0.015985849730362038
72,circle_xy,False,18.0,0.02,60,10,True,899,0.10808719597805203,16.82127200003015,normal,nan,100.0-100.0-100.0-100.0-100.0-100.0-100.0-100.0,-0.06589329858086107,0.043531766147940076,0.00040426011580308244,0.030023505484062445,-0.31453205321203953,0.14331787039392554,-0.007897120917052506,0.06116889471455953,-0.014746319723026882,0.008359448317149486,-0.0006570252689207267,0.0029047168335203954,226.5969347472235,225.96299690142732,226.09988064461146,225.98191307433285,226.6261643762737,226.75826577466404,227.21805233791602,226.73535634181027,True,4.7752429993706755,0.09944189309415115,,,,,,,,,,,,,226.4445924031871,225.66778264876478,225.62233596482073,225.49402568502987,226.59971703143694,225.958467742446,226.97698498041865,226.7232241091602,3.0,18.0,0.055254697173619076,1.1316192635456694,0.5209003807786023,1.073852438594039,0.4970442649115131,1.1305989207711231,0.5021604632750605,1.1407619605154544,0.4918287104764931,-0.0882230687133599,0.04696905034885109,0.0002484295316784261,0.03297720883081014,-0.32723542750095014,0.1244773568344491,-0.008074449514797431,0.06165332982540136,-0.04081092951991463,0.027925840634879774,-0.0020131350308909297,0.015901903688990564
73,circle_xy,False,18.25,0.02,60,10,True,912,0.10599654696113764,16.893084699928295,normal,nan,100.0-100.0-100.0-100.0-100.0-100.0-100.0-100.0,-0.06408973140065667,0.04249192110464849,0.00036869871230559053,0.02923860563343204,-0.14143295888733365,0.3110855638588065,0.007662941813871082,0.059905446422844524,-0.008034276951658263,0.014203162897842132,0.000621593107033847,0.002776281731090889,226.09600790029373,226.77691358779379,226.70018309361885,226.80161588297742,226.1254371249719,226.01466728794318,225.61341406891736,225.99569151775617,True,4.766152300115209,0.09560818506658543,,,,,,,,,,,,,227.48540032223434,228.47495514926547,228.13673710342007,228.7334680220709,228.18664806629744,228.30380585212257,226.30143880497133,227.40580557332052,3.0,18.2,0.06549725378352027,1.249521274001903,0.6875022294290305,1.2600485322801127,0.7521046360885322,1.3827917506320835,0.753706463612178,1.2011725054183273,0.6495961808955406,-0.08293624740473628,0.04913409226170911,-2.2589223176421567e-05,0.0316355118913713,-0.1694625117548497,0.33813442794715926,0.007519357223718808,0.06544804779384537,-0.0417628394378781,0.044872497576841634,0.004850384187681625,0.021082558959243203
74,circle_xy,False,18.5,0.02,60,10,True,924,0.10400258612558227,20.830580900161294,normal,nan,100.0-100.0-100.0-100.0-100.0-100.0-100.0-100.0,-0.04147137591541409,0.0623592401852728,-0.0003829792005498708,0.02846305391750695,-0.30772464094070734,0.13965722197246608,-0.0074478865196392205,0.05871769983186873,-0.007726036162921649,0.013687801105532147,0.0005883460457275129,0.002656756241451258,225.9076472448552,225.79295824167224,225.40132498279013,225.77202677498684,225.87810579127267,226.5479093050203,226.47944092408483,226.57369198950565,True,4.637575799715705,0.0935741220704896,,,,,,,,,,,,,226.46804386693933,226.3797116947262,225.33419655494774,225.2604977862412,226.33633624861173,226.66264045529286,225.8973808384369,227.13306797754092,3.0,18.5,0.060583787599076226,1.3418782621695677,0.7510963562031169,1.2483131155510776,0.7011409343919716,1.3064278457420475,0.7056021797560086,1.2386219872122306,0.7509764982845775,-0.04538871667908446,0.08565648308236871,-0.0002968959550530401,0.03320163848722676,-0.3080462185118434,0.11722781766672734,-0.007317169710177391,0.05809782225244187,-0.021148445401404353,0.0369835574394388,0.0037538242476206534,0.014233840785458106
75,circle_xy,False,18.75,0.02,60,10,True,937,0.10206666502762829,18.375609199720202,normal,nan,100.0-100.0-100.0-100.0-100.0-100.0-100.0-100.0,-0.04045955611353035,0.06069794918893853,-0.00035199558261638,0.02773580358933961,-0.13795228350167377,0.3044462787206962,0.007235663379611952,0.05753940411533756,-0.013198255701710801,0.007433588021637336,-0.0005571811746678404,0.002542647298439674,225.94961100173236,226.0956799335244,226.5241827707141,226.07018858344506,225.9167623935736,225.31885965624855,225.4336192191745,225.33793584229664,True,4.2957340001594275,0.09895565423177966,,,,,,,,,,,,,227.83568879659222,226.69831976049423,226.99725887721772,227.37263845754504,227.51629793504247,226.85485573572495,224.7653018621423,226.11071793696377,3.0,18.8,0.060038236671701425,1.106238677273907,0.51221388898613,0.995116102763086,0.5355136409772006,1.1340521694989425,0.6154983510686313,1.0323964114805333,0.49034450266005464,-0.05208649806369178,0.05964545068169893,-0.00025428515546686414,0.0290488676965828,-0.16379599389818178,0.3269580635123906,0.007259692653960184,0.06237027267867917,-0.034188566503033486,0.033354805715217054,0.0007239642049524108,0.015158416024846669
76,circle_xy,False,19.0,0.02,60,10,True,949,0.10021685423285634,21.65462009969633,normal,nan,100.0-100.0-100.0-100.0-100.0-100.0-100.0-100.0,-0.059102235343507226,0.03945337371489336,0.0003653600535908954,0.027019014345810794,-0.301247565182966,0.13625785664537632,-0.007038565359475744,0.05642685361216896,-0.01273153369531085,0.007156019093140459,-0.000528071385499367,0.0024361475227680143,225.7058614094861,225.11772079948426,225.22590720107453,225.1367981946338,225.7387771465398,225.89079614679767,226.30698311015985,225.8648752784931,True,4.020613199885702,0.09272624340788915,,,,,,,,,,,,,225.67611223462995,224.94679154838934,224.9024153081787,224.7188613673608,225.69276552111054,225.253307729542,226.1446070191177,226.0101295859268,3.0,19.0,0.05654248218421131,1.114141987521034,0.4891048390864814,1.0451154424466575,0.4353318692643691,1.106928276906619,0.4465527447774087,1.103692358314157,0.43532821922893916,-0.0854603921826437,0.04293579751873254,0.00019402879281906643,0.030296198599727073,-0.31300057853268753,0.11900296226896245,-0.007147013879877798,0.05674097887382117,-0.0367389673850172,0.030241075784893778,-0.0014962503834390556,0.015994462642670765
77,circle_xy,False,19.25,0.02,60,10,True,962,0.09841885643904169,20.188184899365297,normal,nan,100.0-100.0-100.0-100.0-100.0-100.0-100.0-100.0,-0.057568642379764966,0.03845375356544639,0.0003360560274567895,0.026347438838061656,-0.1345960801173727,0.2981257457988155,0.006842991153467511,0.05532107136555235,-0.006892351497888719,0.012287107740010699,0.0005008174102959491,0.002334271049470322,225.26759883309217,225.90613876912388,225.8568947574752,225.93203851936053,225.30057747878456,225.17110123412917,224.8055907454278,225.1500907850991,True,4.731593499542214,0.08763083142792212,,,,,,,,,,,,,226.61634132318898,227.30474415794515,227.1244204370012,227.6205777621525,227.1732411178804,227.26383461602518,225.2975780023165,226.33853131904522,3.0,19.2,0.06416913033576224,1.2331879000423627,0.6165154986565896,1.2242486904048657,0.6662281260348432,1.348895191415438,0.6844876674089557,1.1749242186297377,0.5792000736314773,-0.07539387480704675,0.0446708132813086,6.500407332957252e-05,0.028708008599489382,-0.16169664778756648,0.3221836053168696,0.006732079466893083,0.06059311708570997,-0.04286584063989696,0.04330233165018274,0.004497099421381563,0.021235599234639742
78,circle_xy,False,19.5,0.02,60,10,True,974,0.09669792937180238,22.87378960030037,normal,nan,100.0-100.0-100.0-100.0-100.0-100.0-100.0-100.0,-0.05609401804958318,0.037461812535770626,0.00034780501490967,0.025684852267753657,-0.13297924906889752,0.2950781832917319,0.006661416170248648,0.05427955532822712,-0.006641716433902326,0.011864113977559597,0.00047537078542739177,0.00223916054398891,225.0790384370477,225.70580709100673,225.6622009999601,225.7316872308066,225.1120052919646,224.97746511223363,224.62000854750931,224.95646431482058,True,5.712700299889548,0.08581262023032799,,,,,,,,,,,,,226.43703832782495,227.043295581677,226.86782095951753,227.36610787962837,226.9658536103868,227.02920068862355,225.04253736751954,226.10040446801776,3.0,19.5,0.06379953739326183,1.2287884170713066,0.5995420425350186,1.2157552902294542,0.6451159670256054,1.3402141650131458,0.6685431984804538,1.1691351524941247,0.5612733705008243,-0.07369572394694504,0.04347254560314723,0.0001093516338734619,0.028030550056248982,-0.1598652841113054,0.3184396606187754,0.006548813477154066,0.05948303562097864,-0.043046510600334015,0.043528161358144905,0.004429514719542885,0.021229900230417462
79,circle_xy,False,19.75,0.02,60,10,True,987,0.09502370529553944,21.659000999643467,normal,nan,100.0-100.0-100.0-100.0-100.0-100.0-100.0-100.0,-0.03648022648638383,0.05467536679395581,-0.0003204521382573497,0.02506288398151772,-0.2921023487708364,0.13140744190365622,-0.0064813014132979185,0.053244977767632755,-0.006403319768508338,0.0114612908615449,0.0004515090176179609,0.0021480830017872096,224.92995640771244,224.79075304820518,224.4410408569309,224.76978493036785,224.89703489497282,225.51244202814004,225.47412457914942,225.53827756272267,True,4.824223699542927,0.08446373400412299,,,,,,,,,,,,,225.5978046889978,225.28493881615705,224.19890939102655,224.2397694689919,225.49788549784088,225.55616306400077,224.76060359943764,226.0669304715717,3.0,19.8,0.0592597265078684,1.2623164490809031,0.6719566989359461,1.2762792782684036,0.6134915116698829,1.2324495078342965,0.6529262854988026,1.2293480874698144,0.6955024928214901,-0.03807819882531051,0.08172602589493558,-0.00019952218797099694,0.030170294369279933,-0.2930252769630685,0.11210200772547646,-0.006390150757463612,0.05296361432374924,-0.021243399198185107,0.03770518172074204,0.0042741476267689985,0.01433996494356336
