sim_id,trajectory_type,disturbed_inputs,simulation_time (s),time_sample (s),N,M,mpc_success,num_iterations,mpc_RMSe,mpc_execution_time (s),operation,failed_rotors,ang_speed_percentages (%),mpc_min_phi (rad),mpc_max_phi (rad),mpc_mean_phi (rad),mpc_std_phi (rad),mpc_min_theta (rad),mpc_max_theta (rad),mpc_mean_theta (rad),mpc_std_theta (rad),mpc_min_psi (rad),mpc_max_psi (rad),mpc_mean_psi (rad),mpc_std_psi (rad),mpc_max_omega0 (rad/s),mpc_max_omega1 (rad/s),mpc_max_omega2 (rad/s),mpc_max_omega3 (rad/s),mpc_max_omega4 (rad/s),mpc_max_omega5 (rad/s),mpc_max_omega6 (rad/s),mpc_max_omega7 (rad/s),nn_success,nn_execution_time (s),nn_RMSe,nn_min_phi (rad),nn_max_phi (rad),nn_mean_phi (rad),nn_std_phi (rad),nn_min_theta (rad),nn_max_theta (rad),nn_mean_theta (rad),nn_std_theta (rad),nn_min_psi (rad),nn_max_psi (rad),nn_mean_psi (rad),nn_std_psi (rad),nn_min_omega_squared,nn_max_omega0,nn_max_omega1,nn_max_omega2,nn_max_omega3,nn_max_omega4,nn_max_omega5,nn_max_omega6,nn_max_omega7,radius (m),period (s),inter_position_RMSe,RMSe_u0,RMSe_u1,RMSe_u2,RMSe_u3,RMSe_u4,RMSe_u5,RMSe_u6,RMSe_u7
1,circle_xy,False,10.0,0.02,60,10,True,499,3.1293195440665516,12.171592200174928,normal,nan,100.0-100.0-100.0-100.0-100.0-100.0-100.0-100.0,-0.44090009099910904,1.1265714355479148,0.027231286577759316,0.24583550035499435,-0.08714116030660359,0.06245101000194447,-0.002417266781666345,0.023893143239487734,-0.11523662360519524,0.019575012305194945,-0.012780216325516928,0.03209773050593469,285.4163430338553,284.52223398437087,283.9570831146746,281.98437006311383,285.2698417332347,285.3286407299988,285.5678129246721,284.26940283651277,True,2.497283100092318,3.1158853106749778,-0.4376033831075408,0.692328470324525,0.011803468079635816,0.18020240854766256,-0.09873693329759141,0.07399673550862139,0.0006405997540687061,0.03199819571769302,-0.06703970267375299,0.004844481594280687,-0.031208465802158098,0.011765115253409428,39724.165014133265,261.21929714308806,261.349286362591,257.26330515140927,259.5973414328703,254.85663130017704,257.311148692791,256.8893741083131,260.09890612299273,3.0,0.2,0.26199053697949065,8.607706581429813,8.38487369428573,7.484422376561892,7.8159746054867085,8.58352025802287,8.50548563020652,8.810018227003598,8.521257418351835
2,circle_xy,False,10.0,0.02,60,10,True,499,3.128286927407593,10.704270500020357,normal,nan,100.0-100.0-100.0-100.0-100.0-100.0-100.0-100.0,-1.147112764364696,0.5037418590725397,-0.024551955835840487,0.25817335949281345,-0.3330793106932403,0.2129403991988003,-0.0011511676131160087,0.11137952956903747,-0.2651111722066382,0.2049399489776117,0.09904447073724564,0.08546285341480549,284.8954958917572,285.45944126857313,285.8363290024164,282.76045498629867,281.6691629983292,279.5357235585947,278.3138058791169,281.76555416888027,True,2.53018429983058,3.1164827988541863,-0.708832597362511,0.3740346968390095,-0.010314703445147738,0.17091592407778253,-0.05755138572853353,0.055798193194884486,0.00043357110723767317,0.02218559505807059,-0.00950701741532023,0.05060146701900297,0.00589358275034184,0.00869523460098398,41312.70190845785,251.45916894984182,252.83696893148377,254.43681640396576,253.30591693830564,253.64956026427086,254.48851602713273,253.9705663759225,254.0659802851244,3.0,0.5,0.28870445740461637,10.345539075617724,10.226866735550672,10.494715170498042,11.1522377639999,11.081075115369,11.309401587777192,9.980484893057232,10.532199456987668
3,circle_xy,False,10.0,0.02,60,10,True,499,3.17740092771457,19.55761370024993,normal,nan,100.0-100.0-100.0-100.0-100.0-100.0-100.0-100.0,-1.1474404627573285,0.7735209581945149,-0.022663556874458535,0.34467977738882344,-0.5214452141497387,0.6379283271813682,-0.01899020722621596,0.2648382113979344,-0.13131254855045862,1.091547807770924,0.4800940640029286,0.21095756417437336,278.4863242425431,280.64749900948306,270.6676272403144,287.19619630908977,282.04326544538867,290.70313978551866,282.727932901137,291.4262301902135,True,2.679832799854921,3.1327691306726333,-0.7836275590128211,0.4356187281512118,-0.007665159918461911,0.1814712003488333,-0.14646464600657036,0.16697989788615242,-0.0009194423801408205,0.06963677203242818,-0.0077802910646408655,0.1275169718388039,0.09371828223220424,0.02260487864176096,38355.78300790768,242.49358277867324,242.1097104338586,242.64191815248088,241.94628682546409,248.9629876632125,242.85179461053687,243.74940944329578,242.55902203860146,3.0,0.8,0.4471714610987414,12.047692623360664,13.437899451523492,13.740370268112185,15.58762802618731,13.441698133981635,16.25980515105283,14.616238927141188,15.46526766770512
4,circle_xy,False,10.0,0.02,60,10,True,499,20.182261108868957,21.14520659990376,normal,nan,100.0-100.0-100.0-100.0-100.0-100.0-100.0-100.0,-6.0948688017376265,1.0644244897962507,-0.8909858593758017,1.7356302403674142,-1.1561257456956275,1.4806249881357125,0.10364057102149528,0.6279996947856055,-4.646188288648489,6.916878279314899,-1.762025671748324,2.0917627109466306,342.770787989644,342.770787989644,342.77078797873753,342.77078797488997,342.77078796660527,342.77078795834126,342.7707879830166,342.770787989644,True,3.458846700261347,3.1021672887142318,-0.6835972751159403,0.588058994154889,-0.008207247869262125,0.2823697766719542,-0.46139600674971787,0.4289733021194104,0.0013477520699741472,0.2439451455467215,-0.5275962867336697,0.007313316585648618,-0.2668917261459084,0.10892701186636343,40192.59467716527,256.4086946262177,256.47917340088287,267.00510114417267,259.14146924056,263.5527974586976,261.35406689604633,260.8197656105336,255.9893801873344,3.0,1.0,19.80871019388012,83.84912732501586,82.31398593225558,83.68180764413647,85.89879414163767,81.92358999984785,78.53824808074822,84.61868913759811,83.64748583827071
5,circle_xy,False,10.0,0.02,60,10,True,499,63.04957112862452,18.502882899920223,normal,nan,100.0-100.0-100.0-100.0-100.0-100.0-100.0-100.0,-3.136953807380892,3.813671235400375,-0.7226616237871671,1.5484816659607072,-1.3797617042459205,1.5472955693993267,0.19392498382903722,0.6253793637776338,-98.10945239773042,3.8491847508380457,-20.198889862380177,29.331824850136933,342.7707879892214,342.7707879679684,342.77078798877756,342.7707879867913,342.7707879880726,342.7707879876102,342.7707879847532,342.7707879682865,True,3.6508912997087464,3.2641559812507657,-0.679610628662417,0.7444886041451135,-0.004475101607222058,0.48225185059791514,-0.7598278832767771,0.7348333183156703,-0.00694656024435988,0.45863612556937605,-1.1270791422759896,0.11183242892605955,-0.527930806485442,0.323431743974977,39310.11335058836,293.39515946006844,273.3165959934897,290.8924427013206,266.19246598109305,285.5396083420524,277.06427398328475,290.88024844425576,270.5966862181888,3.0,1.2,62.33964357933145,76.99178880003326,69.00478889963185,75.8770433029681,79.72066521694525,57.49014309331113,63.820823667419376,72.67560824325847,68.03212540964664
6,circle_xy,False,10.0,0.02,60,10,True,499,13.301468297296015,14.447987900290173,normal,nan,100.0-100.0-100.0-100.0-100.0-100.0-100.0-100.0,-3.6655489410954636,1.7991459930138616,-0.605672519547922,1.5026914894810794,-1.2968419510171505,1.3442119104934689,0.1425493948065146,0.7175828906317763,-52.786701470056194,1.3136413414503907,-7.082837151802699,12.256556268713128,342.77078798854154,342.7707879642384,342.77078798551554,342.7707879871662,342.7707879879991,342.7707879870865,342.77078798889016,342.7707879880105,True,2.532585899811238,3.231806578092352,-0.7742073109208573,0.7380153817896978,0.0465599975969643,0.5169756749667178,-0.8076200565683086,0.729415661261835,-0.019205654980098522,0.47190518963882366,-1.2708615693710599,0.6377087097593549,-0.38881310883619274,0.4590362114461206,22040.47860444314,287.9782694015348,281.7890275687961,298.84108443246,279.4202976511502,293.99680635648457,287.9069095783141,278.36780663673676,284.33265259454714,3.0,1.5,11.9522694701861,77.48368535166003,104.31102824764098,72.925592308812,109.52228298175642,70.11031924561208,93.76943292432273,78.08662566362392,65.32000408154107
7,circle_xy,False,10.0,0.02,60,10,True,499,73.43773106993905,22.280305200139992,normal,nan,100.0-100.0-100.0-100.0-100.0-100.0-100.0-100.0,-9.927403510850384,1.6476960296110685,-3.5196401331248137,3.880832930716314,-1.460126275307746,1.1783880772173347,-0.27137491534364383,0.6077780993986628,-3.8374178603300515,151.0695898915228,32.0377427966001,45.86366328308137,342.770787989644,342.770787989644,342.77078534192043,342.77078790817177,342.77078725827414,342.77078798739365,342.7707514588576,342.770787989644,True,2.274765299720457,3.2917699498447006,-0.7577476314883964,0.7561033296281325,0.016531574747263966,0.5368599389142074,-0.7640998007501592,0.7370794259507218,0.016186664587868833,0.4958360797096963,-1.0988418424430495,0.0,-0.6177683172762245,0.24402304507228081,38898.46553777566,282.65091972519326,285.9690427887358,289.07126507418565,284.91191589603744,294.7758972619714,294.5016975017179,284.60244049398085,287.285317778531,3.0,1.8,72.53066063018676,61.96526351569014,68.27095058248253,53.55835591033857,70.849322753962,104.41353167041603,102.24219609341773,63.29926630097565,61.06775611650768
8,circle_xy,False,10.0,0.02,60,10,True,499,41.18531297691398,16.17919629943208,normal,nan,100.0-100.0-100.0-100.0-100.0-100.0-100.0-100.0,-1.9611785245754818,1.7222439212171987,-0.5058444520810477,0.9210603334647336,-0.5330104663141005,1.3397195459840727,0.3611702877808456,0.43077352158409304,-14.134098882231141,11.758117761261113,-1.5862394797400083,6.197659822186232,342.77078798963595,342.77078798960025,342.7707879894353,342.7707879894336,342.77078798960054,342.77078798961975,342.7707879896376,342.7707879896377,True,2.9644328998983838,3.0158574678788637,-0.772982721557811,0.7667440249530247,0.022586765841233685,0.5464192487405417,-0.7084026234780177,0.7679636453405387,-0.0004988725172953678,0.516202077208517,-0.05647702246802502,1.0644968329758318,0.5782112537822578,0.24406973814843813,39835.97399416077,292.5555667133082,287.33000726370426,277.3883153585822,285.60310150294237,278.9843367728061,284.1314373232292,280.2978134436607,286.3436663478485,3.0,2.0,39.98269782044721,67.73500221771616,67.30825792449743,76.38170206358706,66.48293495079322,70.18056299026661,67.9838329054511,74.56137390959974,68.34821726316373
9,circle_xy,False,10.0,0.02,60,10,True,499,56.3571615116896,19.049428100377554,normal,nan,100.0-100.0-100.0-100.0-100.0-100.0-100.0-100.0,-6.005529556792952,2.2042693659590578,-0.7448923530629311,2.1336025934448295,-1.433730735430534,1.321571285065355,-0.03762154346812238,0.4805722478130496,-3.903807589882235,16.238368857419378,7.420671402625236,7.821824438620036,342.770787989644,342.770787989644,342.77078798942955,342.77078798949066,342.7707879895166,342.77078798946906,342.7707879834715,342.770787989644,True,2.4254307002702262,2.874919553761414,-0.7524445852961967,0.7850184656253584,0.09304393584136592,0.5305193828146646,-0.7238829514390834,0.7566745350609857,0.029568598055429593,0.5344607806816791,-0.11792554548473544,1.069736212227778,0.5103424728620614,0.26916235894138807,39485.82745917566,297.3589437721385,294.03094159863105,286.6096885769763,291.52345379422303,282.94937962176937,285.9611813093219,286.55348266060156,293.4771284267239,3.0,2.2,55.198987898163125,61.57444962654182,71.5297758259512,74.31754862907214,67.45221053530977,61.39830832564513,67.99082944521274,75.04948925081817,69.64987140299057
10,circle_xy,False,10.0,0.02,60,10,True,499,53.30997507397787,20.799397400114685,normal,nan,100.0-100.0-100.0-100.0-100.0-100.0-100.0-100.0,-6.136284872535153,6.3266895006639325,1.013345621940767,2.0231676692847973,-1.4097699412924096,1.4357528282442107,0.1497048110893549,0.6110595846917849,-4.084150211484891,11.850952881228933,2.6169553261458707,3.2323284429864496,342.770787989644,342.770787989644,342.77078797829955,342.770787989644,342.7707879896441,342.7707879896441,342.770787989644,342.77078798916045,True,2.291085499833571,2.7361411353978324,-0.7182069202168561,0.7845283544620751,0.08241791739346135,0.5149587314958682,-0.7149205521966323,0.7586546340520629,-0.02199657775655559,0.5264799009558634,-0.17276240702629514,0.9539170066950481,0.47153167437866034,0.2627435013182229,38443.59845314501,287.61866948773934,290.8433168882889,284.4668865646752,290.49932713908396,281.9244811784298,286.22197725384774,281.4610496250251,289.8507237457696,3.0,2.5,52.18605565384064,61.59825158708277,72.51627348469181,67.98341346985468,72.40828592806204,67.76770609173214,71.96705272444986,71.31748620668274,66.70880618221005
11,circle_xy,False,10.0,0.02,60,10,True,499,46.21628664048324,20.517357799748424,normal,nan,100.0-100.0-100.0-100.0-100.0-100.0-100.0-100.0,-2.941002163892785,5.870895591972686,1.6453255317561393,1.8960570473655345,-1.4889971298506928,1.4333484957154814,-0.04615314073208427,0.6261427906434975,-5.213130699933378,15.428604465090903,2.5186998119375934,5.741876142790851,342.7707879871834,342.7707879881433,342.7707879884503,342.770787989644,342.7707879896441,342.7707879896441,342.7707879835172,342.77078798778257,True,2.7603864997799974,2.5218912800975986,-0.6779011563401848,0.7303306694217043,0.06408262520582313,0.532668883071361,-0.7285583925443104,0.7159885843190635,-0.021536248480877866,0.5113804574642531,-0.9465642404329253,0.26697756494236974,-0.43641682256711545,0.26172465949266555,35937.55083658779,291.7449994413964,288.46395351937826,301.67736153160666,285.2134515385882,294.22972906297497,287.26315737557155,293.8268927924047,287.9642282832046,3.0,2.8,45.22465501136922,73.13768271235773,69.1423353002209,73.066192706521,73.13702398900958,71.04257100726402,72.90516921093732,72.49601115693406,71.34870965698757
12,circle_xy,False,10.0,0.02,60,10,True,499,53.54863811333759,15.233576599974185,normal,nan,100.0-100.0-100.0-100.0-100.0-100.0-100.0-100.0,-1.5687642439850453,5.650536259659486,2.507067218082837,2.055200064079292,-1.2558391866886103,1.4484789370694293,-0.05605584126569565,0.520986338774542,-4.016578315229329,31.1779124389101,3.8263128835410276,9.606686717686625,342.7707879722167,342.77078798860964,342.77078798832554,342.770787989644,342.7707879896441,342.7707879896441,342.77078798582204,342.77078798788983,True,2.0430985004350077,2.36200676808742,-0.6961631967804705,0.738989485131094,0.0939154621588938,0.4980805375685262,-0.7248742291807999,0.7056876511448918,0.014432015396693216,0.48763227533133124,-0.8639110923710526,0.3095349832989079,-0.39837299098714507,0.24315281701275893,36358.92891982966,292.9921562292204,290.1362670947842,295.1384991624842,283.5175492697725,290.38985307337583,287.9533211262511,287.12474022785506,291.1440211423242,3.0,3.0,52.831264032436025,78.6142412515871,82.14964657450983,82.21732526634814,82.82395417794544,82.43365128374687,80.73939983329409,83.86829751918488,81.57000427966292
13,circle_xy,False,10.0,0.02,60,10,True,499,74.36143392369014,28.45354859964573,normal,nan,100.0-100.0-100.0-100.0-100.0-100.0-100.0-100.0,-2.588468484203008,8.97776007724564,1.902849290055066,2.2617827553482295,-1.415859353318077,1.5175859757059476,0.13647192501718144,0.6697558421623226,-1.1948538147282874,16.912605296745806,3.713070720627235,4.462014034545936,342.7707879741729,342.7707879884193,342.77078798918694,342.770787989644,342.7707879896441,342.7707879896441,342.7707879698165,342.7707879750921,True,3.0794657999067567,2.221359984963042,-0.7025252904540206,0.747839466996095,0.040047141960844156,0.4787669796516562,-0.6975742681074888,0.6864087907624996,-0.03586621761304747,0.45715476936600424,-0.2597839501349189,0.9499821886629835,0.3358115153572711,0.23173274319968765,36467.16098752769,290.49832926447294,292.01922920060787,287.17054608259804,290.88874590052643,288.2776835734285,291.42929645315587,291.3523112591992,293.3444786829886,3.0,3.2,73.69563347101474,66.4337936373132,69.78946219461712,62.36419623304729,67.90526178232858,65.62589484029282,71.66383923482557,66.38243704270245,68.43677390284225
14,circle_xy,False,10.0,0.02,60,10,True,499,35.76663953717661,21.7295680999232,normal,nan,100.0-100.0-100.0-100.0-100.0-100.0-100.0-100.0,-9.273199242394789,2.3921701518428504,-1.5427421834719293,3.1620382849576414,-1.441877749317126,1.5167680950872624,-0.24952078180840243,0.5672887600188439,-1.7873749741706453,66.94439995323458,11.061646323503142,16.56866158454073,342.770787989644,342.770787989644,342.770787989644,342.77078798869235,342.7707879874123,342.7707879894498,342.77078798948565,342.770787989644,True,2.760630299919285,2.1901998939755862,-0.6995315725633454,0.7405164274996132,0.008695034914941786,0.4645074305229236,-0.6772855261086371,0.6870051210287417,0.02389349349745461,0.43907185589372333,-0.2562083569519967,0.9438367237325576,0.3042402548650636,0.2756065496239121,34336.773738374584,293.7271545671661,294.6993784017831,291.9498580432468,294.4041843028772,289.7817871031262,295.47524599026866,294.02195487470874,296.2488161706876,3.0,3.5,35.12969755251003,68.12243821995199,74.93246156599862,68.28899502054921,76.67412955433853,85.33074667723453,77.81390777596933,72.10532285634838,78.92821499063577
15,circle_xy,False,10.0,0.02,60,10,True,499,71.9844877024251,24.14761320024263,normal,nan,100.0-100.0-100.0-100.0-100.0-100.0-100.0-100.0,-9.470072279104752,1.7713842236647124,-3.2245355699032476,3.4710306197816627,-1.3430035735632788,1.4506752003703955,0.34678902770787046,0.6067384645618487,-126.18922655956005,1.545694834545058,-23.430969899439564,34.420017328719474,342.770787989644,342.770787989644,342.77078798813864,342.7707879880793,342.77078798699506,342.770787938156,342.77078781379225,342.770787989644,True,2.582093200122472,2.1432629662287934,-0.6990799271983759,0.7011462760131895,-0.07531948180163138,0.43091719217884156,-0.7180079004965134,0.6989048176341927,-0.06723948208225691,0.44480393037896787,-0.28997783220265394,0.8398543404713286,0.255948378017682,0.2620231786312667,34678.573761047446,287.0985693230212,291.2185765570827,290.99520711980364,291.1864482306589,292.578109180636,293.9651360880987,292.07114316896286,293.72022974668624,3.0,3.8,71.27879849068628,73.07073059166926,61.387840013200545,67.10118297817063,88.85993939301567,70.5246305382142,55.24488284950391,71.35550973984735,71.52205353085917
16,circle_xy,False,10.0,0.02,60,10,True,499,113.43069619508303,15.060115199972643,normal,nan,100.0-100.0-100.0-100.0-100.0-100.0-100.0-100.0,-3.334553143098314,1.4851578417871467,-1.6707290525199556,1.4361745808850388,-0.7323432493856881,1.384774977999034,0.2323458337863752,0.5542389516937021,-231.26674569190703,2.4901794158160104,-53.01876660812304,67.45904126029724,342.77078798950436,325.9824671128083,342.7707879895083,325.6398839882757,342.7707869464605,325.16903751844006,342.7707873211178,328.65156844529037,True,2.259349500091048,2.0661638744343156,-0.5330225919644631,0.7367276199287107,0.09270396254056709,0.42494400260822834,-0.6967808706263122,0.7062864514686462,0.07276882720794944,0.41073601750957783,-0.8902565454207749,0.27761200435473493,-0.26617491685871425,0.2625264943822703,26107.351764947176,295.9294439611871,290.63434670329934,299.9267847743552,288.62181853279435,290.8740320801131,291.98468108847703,294.69310503628395,292.0092432144283,3.0,4.0,112.49495087685253,83.83985749364761,53.869618073342025,83.61449181885816,167.2211676446792,41.51863344643206,166.4583825029922,54.60506489756242,54.312353777625354
17,circle_xy,False,10.0,0.02,60,10,True,499,108.68176708528041,16.28317810027511,normal,nan,100.0-100.0-100.0-100.0-100.0-100.0-100.0-100.0,-3.3168153785159635,1.3583064225613815,-1.6844227589209637,1.406634697029988,-1.2952939203548919,0.6798102138501776,-0.19005074176808898,0.519660241309706,-2.674482274273444,233.26246959353256,50.237712508746625,66.48773451184648,320.98496735294026,342.77078794419657,319.8839134529717,342.77078469108847,323.0319391547783,342.7707879849557,318.66107285777707,342.7707879862947,True,4.7140478008950595,1.7008783228332707,-0.48513593335010263,0.716784598280825,0.04289612890542694,0.38840833980235867,-0.6938101529993752,0.6506626391018111,-0.05428018811650641,0.40016430174870976,-0.22255605090607983,0.7559330897405157,0.20795470807747912,0.18457791554998815,27653.036783050396,293.529965103471,294.60745110618933,291.8551208318138,293.7385869419823,288.3048493207332,294.342059078019,293.5361671620396,295.4567910932451,3.0,4.2,108.03925431743217,40.15279610990149,83.72729212331024,150.02699448620334,42.386078693417545,161.2807389992297,69.57997995721178,73.14824692610978,83.95194414096488
18,circle_xy,False,10.0,0.02,60,10,True,499,78.94469133145579,16.72756509986357,normal,nan,100.0-100.0-100.0-100.0-100.0-100.0-100.0-100.0,-7.161983581171503,1.852681603781886,-1.3285697249969233,1.5551840176867031,-1.503148150794152,1.1322962266396017,-0.29771491834049085,0.6201886956556937,-2.2419136878305563,93.3320621992372,20.75360572265405,27.800124523455608,342.770787988875,342.770787989644,342.77078796830125,342.7707879634632,339.44802496361405,342.77078789033595,342.77078798487776,342.770787989644,True,3.865519499988295,1.4615631418960988,-0.511704814894953,0.7105158147981526,0.04312700395038562,0.370577869372408,-0.6901746821665788,0.6226205736672312,-0.049740937257813304,0.37817846217477097,-0.2097264207837142,0.6580168210652485,0.1953073418545915,0.15484026016222993,27255.242134490632,289.65556282319557,288.4180397881958,285.9553997206861,287.9884944253498,285.1145827344567,289.22800535216686,287.42842302649905,289.72815226562284,3.0,4.5,78.43710796635021,69.36616769403018,79.70212463730505,58.35977646883481,57.42334207027363,48.79529882035703,57.59263191243792,57.62013876685453,78.8697678025324
19,circle_xy,False,10.0,0.02,60,10,True,499,23.87874190545792,14.7067972998193,normal,nan,100.0-100.0-100.0-100.0-100.0-100.0-100.0-100.0,-6.669500365488782,1.8286366726846843,-0.8378177911594482,1.4564300652629172,-1.365011170647318,1.3614764375718076,0.10582027812289803,0.6958892255962406,-41.96852859365996,1.1459961253545432,-4.971772836450838,9.589400315218336,342.770787989644,342.7707876532492,342.7707879406461,342.7707865154809,342.77078790774755,342.770787951777,342.77078791062485,342.770787906612,True,2.2881129997840617,1.2701255360701362,-0.47991671220747395,0.7043679892488575,0.026761537081016383,0.35535160252923387,-0.6730969896291745,0.572613940127156,-0.05294943768965052,0.35641441740965074,-0.19730452921788705,0.5590629030114561,0.16885225165491227,0.13276344452968,27512.43072522187,282.78844713473114,280.6954565972629,278.60184473812427,281.7702593379473,279.07576347105345,283.2663442822901,279.9474474110892,281.99309723115925,3.0,4.8,23.46558492605243,69.77102225824756,64.45768458377417,68.60656782546872,52.438279125604026,56.3938236622972,59.17702404470248,68.40337579652984,61.02939543586081
20,circle_xy,False,10.0,0.02,60,10,True,499,1.8345888638519678,11.336066000250867,normal,nan,100.0-100.0-100.0-100.0-100.0-100.0-100.0-100.0,-1.0836996647100412,1.0328322366770466,0.02801174195804256,0.4424439993207442,-1.037945800024448,0.9801519012058226,0.05044962788932112,0.5056872512997431,-0.7920815668376838,1.0330975318342988,-0.12622053338563083,0.3388591439067828,310.33920610833655,306.52187132535545,308.85656261836033,307.62167664018085,307.9639052600392,305.14982974093334,309.68617600242845,304.1502568062451,True,2.1736822997627314,1.360331062441577,-0.6574958529040241,0.6471890196073676,-0.0044208287564301615,0.36155748741208404,-0.6026214908018509,0.7021959492485375,0.052372558307133915,0.32347527085450706,-0.6874540482859657,0.18427977375011714,-0.17006363776122657,0.1672686756313735,33498.420973936445,290.2581966326199,287.72474620771123,292.0974733482347,285.06635926312464,286.9493035423324,287.11875141180815,288.9674849916115,288.69144272043576,3.0,5.0,1.2222233355877405,40.79500028466763,37.417998378047585,40.41284412539607,36.16542361642312,40.56314508116352,36.604149199278375,41.25237130275684,37.14730919025768
21,circle_xy,False,10.0,0.02,60,10,True,499,1.52326478289039,13.520685699710157,normal,nan,100.0-100.0-100.0-100.0-100.0-100.0-100.0-100.0,-0.9408510159439539,0.9042065751417381,0.02464403130995975,0.4567490705855402,-0.9827883542190442,0.868398018032561,-0.03489042885604299,0.43781377684441025,-0.7082109549009346,0.6262169961238131,-0.12458721950962169,0.31865722579616973,299.64543782671825,293.31764979940635,303.6949839475601,296.05829940462337,304.1121935331185,294.2244557963999,300.190954450116,292.6992837538256,True,2.2474109001050238,0.9653849494598963,-0.6351493238569416,0.44491211956562515,0.004902370500370182,0.31439918152110025,-0.6649056855328238,0.4723155126537143,-0.032351342284929044,0.3167041327783808,-0.5059698770766445,0.15498297866019178,-0.12121760536742889,0.12882070691723213,33014.46256239654,276.06011353204707,269.860758553963,274.32790399000277,266.85581024000277,277.62389973465037,269.7229639989738,274.8439865019864,271.4919688468105,3.0,5.2,0.8564300350509864,27.57252061647657,24.822955138769448,28.134096440943825,24.953966201437336,27.966647836689713,24.633843428417233,28.258682569849423,24.51645475034869
22,circle_xy,False,10.0,0.02,60,10,True,499,1.1783795256806342,12.572951200127136,normal,nan,100.0-100.0-100.0-100.0-100.0-100.0-100.0-100.0,-0.7792360613107522,0.8566495770151993,-0.024052140057082894,0.3993527412749522,-0.980776161241282,0.7232750741895421,-0.017571262886444432,0.3585113434922693,-0.43815381451958074,0.6355075136597363,0.11955360618559711,0.23973623889620094,290.5245462739284,299.11969163623445,290.2117233071063,296.42042725330293,287.47289717203086,294.30931577193223,288.0235390661929,296.6861203776168,True,3.2506844001763966,0.9248784017752529,-0.49908614858418393,0.6271187951203179,-0.02373966036061276,0.31253537169620366,-0.6661724641095016,0.47135239801316003,-0.01635194950821791,0.2979314284417694,-0.16851545358598152,0.39238972030259817,0.10753865401229228,0.11126444997419778,30123.65958092024,270.45733266846577,274.54726663717815,270.184162441938,276.3223822095159,271.03779031892327,277.489712002987,271.32066835417356,276.1017567462864,3.0,5.5,0.5307143448005908,13.833268424089134,16.53448794166258,15.109606721701777,16.462586113759635,14.81719623542165,17.08559442017586,15.057668536191668,16.95236555634553
23,circle_xy,False,10.0,0.02,60,10,True,499,0.9797955155467174,12.778468000004068,normal,nan,100.0-100.0-100.0-100.0-100.0-100.0-100.0-100.0,-0.6584897751132727,0.7806509303995202,-0.022222147456443252,0.347131763279193,-0.9744887851137994,0.6065130155177392,-0.004866615526596817,0.3233278341374392,-0.3920019659318521,0.5728573702962024,0.10278688004925984,0.18328016855764503,285.96052794716655,294.00034973459805,285.82563127762774,291.8095772106277,283.01249443415225,290.34245682274127,283.3464551506674,291.8334510416654,True,2.855606800003443,0.8325044596017706,-0.4743365983003532,0.5900896980471679,-0.023595220438076582,0.29976429219602546,-0.6626695364129939,0.4455164889758356,0.00019110027507754878,0.2764284407769482,-0.16091835696231843,0.3438511796677977,0.09101894462101497,0.10083728448087116,30912.450066900114,268.55589890561606,272.4701270647073,268.07448709885284,274.1583040302151,269.06698355859504,275.2741507992932,269.53496215912173,274.30786699044404,3.0,5.8,0.3886894180987522,10.325853066535437,12.286709017063956,11.258140594333268,12.140212013348492,11.224689925237449,12.556327611822928,11.062594727513154,12.406530258651571
24,circle_xy,False,10.0,0.02,60,10,True,499,0.8548044912416408,11.770947299984982,normal,nan,100.0-100.0-100.0-100.0-100.0-100.0-100.0-100.0,-0.5657521598590197,0.7115369785506465,-0.015364367263025435,0.3099196582765724,-0.5194472750987915,0.9643569080619178,-0.004609216186357095,0.30375130978047427,-0.5177775704704505,0.34989764728307127,-0.08598002322921477,0.15036928042417544,288.784618197987,280.4722885824387,286.61175742745786,278.6903268659374,286.56432556874034,280.4738480523583,288.8601792777926,282.4211455550945,True,2.298665299982531,0.8039907974168998,-0.5084213918053502,0.5300206990858296,-0.01441052020674016,0.2884283596182241,-0.4750759018812886,0.6817058467247024,-0.003531774075392427,0.25773434038754456,-0.4283585502321073,0.1411174001221084,-0.08249519678686784,0.10617684145541627,34220.934628888965,273.3073063171151,268.7881218296782,277.19365979685415,268.69838021936204,274.50725210882814,268.236349180896,273.39208098881653,269.2466236503895,3.0,6.0,0.3055361175702386,10.768503381138084,9.769572635647803,10.992887947993664,9.846135018422192,11.097016595106878,9.87732601715252,10.750947925315023,9.769992854522794
25,circle_xy,False,10.0,0.02,60,10,True,499,0.7633463148510997,12.746428599755745,normal,nan,100.0-100.0-100.0-100.0-100.0-100.0-100.0-100.0,-0.6494491059936193,0.4928176226270278,0.005277185198351823,0.2787386197574559,-0.4548475602837952,0.9523939896314961,-0.011300557925902507,0.29025699313109754,-0.3118156446633561,0.4681496263801932,0.07122869586809216,0.12831942042372915,275.79460187488075,283.04822399170666,275.6598150244494,283.5455884479392,278.12809150953683,285.10946866332074,278.2617563450361,283.7188973186958,True,2.213185199769214,0.7839727659403105,-0.5299387227362209,0.5260195812697089,0.0046134869874912355,0.2801745179022319,-0.46694258860705273,0.6840417691022392,-0.011070591389752209,0.25376497286134403,-0.1527356997824021,0.4507218956843312,0.07297908092517502,0.11493818697385534,37657.37131268176,267.82691023039183,272.2856996197764,268.30111313844606,272.9313199417686,269.9586419738567,272.3325325327175,266.41342722105645,271.75303930282223,3.0,6.2,0.29201671015483704,8.95106561127283,9.979785193232393,8.996425708459052,9.781990034865217,9.053953986093326,9.92834067612297,9.372478490239567,9.973294453621882
26,circle_xy,False,10.0,0.02,60,10,True,499,0.6911416058367786,11.009530600334983,normal,nan,100.0-100.0-100.0-100.0-100.0-100.0-100.0-100.0,-0.43282153777023813,0.593773274711152,0.00611816377756368,0.2500648830820578,-0.9382950133607166,0.4156492968939682,0.014194148378694533,0.28013416190592527,-0.2774938638260306,0.42416545530066757,0.05942070480497712,0.11218788581686823,274.74254919314075,281.24444368462395,274.95041498977173,280.1524371787349,272.90930118765397,279.7251930487088,272.7414174524677,279.94381970660083,True,2.4182871999801137,0.6164733140815796,-0.33564504846646276,0.49273188588728173,0.002364405600102348,0.23622213931096064,-0.6485265928148746,0.38223632076165115,0.020386389318319535,0.2404742343910091,-0.14228672557755065,0.22381084210022084,0.04688521330525229,0.06653093242440253,36641.32794586045,263.99847378227736,266.00413099158476,263.0568854906564,267.06742934643256,263.3170860856453,268.0623554673191,264.44017883112605,267.81226205264244,3.0,6.5,0.2547306438814124,7.443241240945806,8.422508767544661,7.501953396230822,8.19959186649961,7.496192768580208,8.465456189829583,7.524403575411916,8.291952697168515
27,circle_xy,False,10.0,0.02,60,10,True,499,0.6315451716288163,9.80320080005913,normal,nan,100.0-100.0-100.0-100.0-100.0-100.0-100.0-100.0,-0.381801874980656,0.5440078286318205,0.016771066789872714,0.2241366813435694,-0.9225150323999615,0.39713447208498,0.013161648672007328,0.27111604626519753,-0.24685586789891276,0.3850240941440908,0.050602167226336175,0.09971828547779453,271.68411902521734,277.67194851559026,271.92812668831044,276.8213399324699,270.26646877035586,276.59474347680157,270.15871606497035,276.6579985769297,True,2.0394722998607904,0.5667378067598119,-0.31981871122246486,0.4653842280522778,0.012009696792928175,0.21553336756210928,-0.6416252354275755,0.3664365698846105,0.01853290747075632,0.2343640277659158,-0.13583960508106585,0.1924047006240981,0.040427351865641156,0.058641306037370666,37729.59236417827,262.50102421102895,263.7104797996726,261.3783274444902,264.6712189572541,261.7248377523275,265.71194592478554,262.8058710799401,265.67006167782364,3.0,6.8,0.2303006209477473,7.014215527003259,7.74210947467191,6.915676751492998,7.59050516523062,6.974072885961729,7.877932580632029,7.029024771878118,7.695225362404113
28,circle_xy,False,10.0,0.02,60,10,True,499,0.5811274435729609,9.876029000064591,normal,nan,100.0-100.0-100.0-100.0-100.0-100.0-100.0-100.0,-0.33743441450247397,0.4999117251194276,0.025248901154347757,0.2022671486162148,-0.9056965292280693,0.3802734908022714,0.009065550388074706,0.26159995576690565,-0.220960815929931,0.34978661843404574,0.04411477209673538,0.08947116725648957,268.8746391740977,274.3818726139017,269.1187236946598,273.72470805667825,267.80676339698584,273.66090813076494,267.7654850611266,273.5975522637258,True,2.197876100137364,0.5232952177148293,-0.31152854040463684,0.4397583523089971,0.019263475698199584,0.19821117258399895,-0.6302946543368816,0.35209033000873263,0.014100904480945569,0.22736667330234328,-0.12738014270668976,0.16690395132458877,0.03544534261860546,0.05147873725980592,38610.02531465073,260.68550657004636,261.4202787669125,259.4114980707536,262.1860211208796,259.95485491626926,263.26798307053866,260.8346709549771,263.4188797786377,3.0,7.0,0.20885930208652645,6.539876590826158,7.087027972534235,6.331012402821496,7.003884138061755,6.472943167847645,7.305985548338259,6.52731855794807,7.10880668247226
29,circle_xy,False,10.0,0.02,60,10,True,499,0.5375888260178372,11.775663199921837,normal,nan,100.0-100.0-100.0-100.0-100.0-100.0-100.0-100.0,-0.46051046712231475,0.29869183509787056,-0.030948457603317266,0.184999533405148,-0.8884350636092826,0.36477644168342976,0.003117682582546731,0.2510585683903464,-0.31846055654769667,0.19795813798216408,-0.03920110047789402,0.08072909251000732,270.65705173128174,265.97065909458286,271.25425168147126,266.6782419255126,271.0669696043516,265.7006277745271,270.8831976814029,265.48391420666536,True,1.957999099890003,0.5187172290793178,-0.38704739673763683,0.36827956044129145,-0.03273093281940578,0.1867715931869022,-0.6416122002753658,0.35368921190542135,0.008200617144055162,0.23197078789678216,-0.2898823364727048,0.08280959746679817,-0.047967450144679215,0.07362431517538956,35139.788997179014,262.2928926406619,256.49754548407077,260.23522213932995,255.53678632351324,262.7736132580636,257.95851973610996,261.08449923885297,258.9338420305931,3.0,7.2,0.15057676901588193,5.274605935630472,4.940029783853418,4.912319993455773,4.801298179652584,5.36382115031334,5.236917428970651,5.573994667901546,5.02464057808543
30,circle_xy,False,10.0,0.02,60,10,True,499,0.49960030721662524,12.759345999947982,normal,nan,100.0-100.0-100.0-100.0-100.0-100.0-100.0-100.0,-0.4254403083741285,0.26477331615386973,-0.03389467042263243,0.171828579930187,-0.3506136170611365,0.8710673996684433,0.003578256999401253,0.23982167278176497,-0.1776836595931956,0.29036469910322543,0.03518625347357985,0.07312757761820786,263.29771622618824,268.3082350151903,263.3786059593451,268.1461533817899,263.8925678044986,268.55593009659094,264.1238158416452,268.1664537683682,True,2.178548400173895,0.5325583361287032,-0.39986648970737076,0.34839983379825046,-0.037922913136656106,0.17367347330323704,-0.37970309538365893,0.6552101459759445,0.0002420537080716425,0.22140851598635425,-0.10580731006853174,0.29640336039059617,0.05102393736457132,0.074724679639907,38374.487483490375,256.17728100608775,261.8171900215891,257.137620248797,261.9108650542273,257.5648911574099,260.9942991018797,254.82452900702015,260.6239147754445,3.0,7.5,0.18705391246182015,3.8993728165331323,4.149629313877069,4.172885186047263,3.9073524773782746,3.969635387584377,3.473301475649071,3.7235747111586788,3.554543797447296
31,circle_xy,False,10.0,0.02,60,10,True,499,0.46615447200985133,14.77332359974389,normal,nan,100.0-100.0-100.0-100.0-100.0-100.0-100.0-100.0,-0.23527274608058968,0.3941342629602188,0.03445595750059758,0.16162559866241283,-0.33761912497398666,0.8533046399058596,0.010197285821892233,0.228516559326742,-0.2652530588773724,0.15979952254782503,-0.03168758470975848,0.06651773100386912,265.78355675845194,261.3606406163293,265.8924250054197,261.33544592105994,265.6012717110919,261.5122831954799,265.8665187463091,261.9382952613512,True,2.189197099680314,0.4669883893567841,-0.2993976405402818,0.35597547981765393,0.03397652976750859,0.16727334029438864,-0.35822032995195996,0.6382103236812119,0.005795934516390499,0.21182312548668808,-0.17858736203289424,0.11027836645411147,-0.03265440294594418,0.04709005638228487,36457.536195205525,257.3298417143389,254.45434416737336,259.2619211245986,255.297263942895,257.937940614704,255.07383991327094,255.50715857292576,254.5680752851432,3.0,7.8,0.13721480039517955,5.43922823328227,5.358771304737819,5.696064055092586,5.351267780033178,5.454801149821545,4.843279559283556,5.392135783709766,4.778938019821999
32,circle_xy,False,10.0,0.02,60,10,True,499,0.43648578991450954,18.349520199844847,normal,nan,100.0-100.0-100.0-100.0-100.0-100.0-100.0-100.0,-0.3661154681330861,0.20980884070481212,-0.03313113290705343,0.15321731086356347,-0.8350696698312532,0.325704713559478,-0.01620328082809454,0.217704532680423,-0.242659130094637,0.1439708411641068,-0.028507341742189315,0.06073250353763456,263.29852349914194,259.4680240378139,263.453389086656,259.82117790952697,263.4004247995581,259.39782141066996,263.61936199283844,259.41991475937544,True,2.9693038999976125,0.42613317746227636,-0.3276750276609455,0.26353363899252985,-0.03623596868678485,0.15626563852910139,-0.6180237184592104,0.3214602170155804,-0.01251471253927333,0.20300558830355192,-0.2403993426409812,0.06446064800376966,-0.03556770336830103,0.059000619101369736,37800.03265339637,258.3701661540113,253.37947608413756,256.29500482428244,253.35395759238924,258.76993928219434,254.7504049936178,257.56799757620905,255.28373117258283,3.0,8.0,0.11445202414305435,4.133833263439399,3.955123201448668,3.817457508208646,3.853442441166985,4.291344581516071,4.32881145103059,4.405590682173472,4.079510224055848
33,circle_xy,False,10.0,0.02,60,10,True,499,0.40999408533121706,13.544972200354096,normal,nan,100.0-100.0-100.0-100.0-100.0-100.0-100.0-100.0,-0.340975588189178,0.1882136968980678,-0.030421860584922442,0.1457081958911947,-0.31479377948189935,0.8161405047388292,0.021296296723624104,0.20774603682614368,-0.1298953218972184,0.22212599008192196,0.025564640773267908,0.055598742526416424,257.44320856714336,261.4283958422632,257.6477255198233,261.2350428058393,257.65496359418614,261.2377817611342,257.7847895581164,261.05441735321233,True,2.0554350998136215,0.4357866605596667,-0.34273279940748297,0.24904632463060922,-0.03291006868895145,0.14806626233396158,-0.344639981337319,0.635158170975416,0.017620915035694244,0.19538959080095,-0.08568057484432648,0.2340875702394961,0.03812927944341801,0.05861642630382466,39731.58523607289,251.98191119339074,257.2217471115059,253.503493402679,257.28974487000147,253.23447378625474,256.1174779415788,251.20867729878574,255.8055632660917,3.0,8.2,0.151252761669865,3.2881598407781643,3.5016053364113287,3.5767773089215593,3.31061094211676,3.3369746348283056,2.9347934048386226,2.9899323075101347,3.0199409808280095
34,circle_xy,False,10.0,0.02,60,10,True,499,0.38618167926900293,15.706061600038083,normal,nan,100.0-100.0-100.0-100.0-100.0-100.0-100.0-100.0,-0.31832889277109855,0.17051074854642662,-0.026771319763832346,0.1385433464402866,-0.3047745397880602,0.7961413146132483,0.02534389432449698,0.19878263652643863,-0.11725853350053725,0.20330340211848166,0.022838178733178935,0.05096496924650929,255.67931294031428,259.383007858629,255.92590242910376,259.19738374163506,255.8325111681263,259.0970577496523,255.90737801969016,258.9507266163401,True,2.083406300225761,0.41056890204996843,-0.32610111655368235,0.2223059520251615,-0.02861081012066846,0.14185977241729203,-0.33647087537470904,0.6276645106761289,0.023042863729523935,0.18684679636310614,-0.08031295096543933,0.21706144005554884,0.034100942381846334,0.05456798095785698,40174.69848044758,250.69903856453777,255.7425861633304,252.2030466252326,255.78665849953447,252.00829655690276,254.6041935658903,250.12400075800693,254.25273574065042,3.0,8.5,0.1415390427037891,3.196283976252608,3.395032056077304,3.450899879943075,3.2088828160176956,3.20466574600492,2.8537231558410387,2.884976257463855,2.9428912855908593
35,circle_xy,False,10.0,0.02,60,10,True,499,0.36479057656333114,17.219814900134224,normal,nan,100.0-100.0-100.0-100.0-100.0-100.0-100.0-100.0,-0.1565680067902813,0.2979310675085368,0.022549401839263336,0.13146479151476748,-0.2956474114883076,0.7765249106322312,0.028342475896184063,0.19092394234097518,-0.18642088217414862,0.10615957394137022,-0.020363391623966113,0.04682195856455526,257.1031694400452,254.14498956163376,257.53996612752564,254.22817372906468,257.1223247011631,254.0027523508838,257.04637835345386,254.18232177071548,True,2.633365599613171,0.3730798707980006,-0.22490988373066345,0.27791269627356535,0.022853210178835424,0.136973368278876,-0.32151150444797744,0.5936794679754912,0.025547901542272756,0.17728719810720014,-0.1189857338241286,0.08640502094426095,-0.02544227387049016,0.03303517715133208,39220.874089491146,250.99300243552364,249.3298535568937,252.99927620307895,249.82359012373158,252.21388490087762,249.4006934242636,249.32221600174998,248.99054345691673,3.0,8.8,0.10452168906105412,4.239655553363148,4.118850304398587,4.47729031809802,4.109149961855423,4.168857075625796,3.6253989783316776,4.086448756813449,3.7167916728785944
36,circle_xy,False,10.0,0.02,60,10,True,499,0.3455140550826449,15.979336699761916,normal,nan,100.0-100.0-100.0-100.0-100.0-100.0-100.0-100.0,-0.2795029249686531,0.14922547468521344,-0.01804788698593678,0.12438498905572311,-0.7576748960237291,0.28720399143633285,-0.03034385001377228,0.1840972196326902,-0.17131009022587385,0.09643540353568353,-0.018151327289885732,0.04311336284517461,255.3012575612271,252.38225924711185,255.17065969000313,252.5235278403688,255.2725465687623,252.58544238999247,255.7488275346899,252.6762320299205,True,2.294102800282417,0.339295378530471,-0.2648583296596883,0.1654347951639122,-0.018579598826434857,0.12639549843778874,-0.5734694089042943,0.2797400070974163,-0.029782292259392003,0.16929222621818407,-0.18864131583549137,0.04306471706551197,-0.0204355904972229,0.049376485103305286,40949.48258023581,251.91047787222664,247.67044379167044,249.84376603515372,248.4825691464758,252.71620989509339,249.09463239035944,251.63884271486768,249.56031127255523,3.0,9.0,0.08604759687188783,2.856894039447969,2.797961294996827,2.649342168654679,2.624956129790733,2.9667461271654174,3.1466592404179097,3.3055491678893314,2.996637414666145
37,circle_xy,False,10.0,0.02,60,10,True,499,0.32807071259853937,17.314703999989433,normal,nan,100.0-100.0-100.0-100.0-100.0-100.0-100.0-100.0,-0.14401403958679068,0.2630238728014716,0.013492416285950014,0.1173235637345504,-0.739581207985065,0.2792427562001601,-0.031434926595240685,0.1781449676115042,-0.08788252722194807,0.15774789157442293,0.016197886730930207,0.03977838243835101,250.99100694452304,253.47067119487647,250.92224827699908,253.39450220756922,250.94120844690585,253.95524408359256,251.2996192475274,253.80837965796067,True,2.94908869988285,0.3101546586589549,-0.18387095914260335,0.27040901791761884,0.01072563049869406,0.1176813133618411,-0.5319094332414527,0.2630503268277644,-0.02639927918326606,0.16273711346778408,-0.07233185139264257,0.06379008123079917,0.009745059706956834,0.02594729001004131,42492.73624805361,245.96450257397888,246.00229915392205,244.49782269774127,245.4578169419852,245.8650622142442,246.36915015892,246.18968331415394,247.51344971678583,3.0,9.2,0.12021140087712363,3.785753589602842,4.037763566012056,3.738843583257802,4.027682153428536,3.792959307808035,4.216369790792804,4.063465184358642,4.190917164739519
38,circle_xy,False,10.0,0.02,60,10,True,499,0.3122235152380752,17.23338220026926,normal,nan,100.0-100.0-100.0-100.0-100.0-100.0-100.0-100.0,-0.13900520550590983,0.24804758767182755,0.009053656185797718,0.11035923835415931,-0.2717258626469613,0.7222234335526678,0.03172379883545737,0.17288976692017777,-0.14555192290023153,0.0803289596710672,-0.014491521360148796,0.03677029621773176,251.95190505012803,249.72728498773728,252.48526518829595,249.82124938198467,251.98508889916454,249.4150186818242,251.76980506790238,249.5032392026358,True,2.6310053997440264,0.32464102763711583,-0.1772025898948876,0.23587791473823216,0.008496750635291782,0.11493333608735515,-0.300794052318456,0.5629753672448476,0.0298843362041673,0.16243566772875745,-0.09732943400754748,0.06996127094761168,-0.02053324148103912,0.02835072121637423,41084.541123486124,247.26777518081119,246.07672170764823,249.09883736061514,246.4822885975866,248.58997167111883,245.8803613136703,245.68103223371392,245.69294698468394,3.0,9.5,0.09095226263850467,3.554139468191156,3.4288377822200955,3.7819266103464297,3.448864539613271,3.524039751858789,3.000499783861889,3.387289981442403,3.1166609407804478
39,circle_xy,False,10.0,0.02,60,10,True,499,0.2977730842900184,13.574234400555724,normal,nan,100.0-100.0-100.0-100.0-100.0-100.0-100.0-100.0,-0.2343539500140204,0.1341638038679284,-0.0048562207796086195,0.10359467674483491,-0.2646192897120035,0.7055741117330279,0.0313280268493006,0.1681614103790199,-0.07363155818971584,0.13456178083944215,0.013013657586351951,0.03405049130817069,248.20271954288646,250.86056768775947,248.6210372130527,250.7436685182882,248.22217350408357,250.2948043560787,248.07496818992175,250.24150007692143,True,2.5551580002356786,0.3142225402179848,-0.25471723625910037,0.15179191034106274,-0.006436268126282737,0.10774876668025839,-0.29716360486289556,0.5733553909224031,0.030184136493484184,0.1608285990234453,-0.056463226354093135,0.15112765096951497,0.019070678330420806,0.042580435175126524,41706.10090597288,244.95476518936806,249.29771236611353,246.06259852068897,248.72255721061518,246.61836405072575,247.4472702367892,244.52178995030206,247.39237888436793,3.0,9.8,0.10302434563500495,2.3834944667042723,2.759477938587307,2.8159471623720145,2.569439630037478,2.4609977866437367,2.245533755275525,2.1892200939211053,2.32364779425538
40,circle_xy,False,10.0,0.02,60,10,True,499,0.2845506114020512,14.185473600082332,normal,nan,100.0-100.0-100.0-100.0-100.0-100.0-100.0-100.0,-0.2217968475638698,0.12955267709714802,-0.0009861867586985333,0.09713314686402018,-0.2578920078439522,0.6895984725588273,0.030366404511825564,0.16381290903166384,-0.06767109470356401,0.12463552923997859,0.011740732912025922,0.03158526222877995,246.944814521788,249.448768605261,247.38896278669915,249.34657682726512,246.95582522127637,248.85255359336116,246.7742298807083,248.80640509146832,True,1.9874988999799825,0.2996920498367673,-0.242951566294398,0.14172470565116294,-0.0017713935145538713,0.1003817391359429,-0.2903254201609221,0.562678714033032,0.029294632895050476,0.1573893140412633,-0.05293960174829354,0.1409530342080183,0.016628699803312386,0.04167019273451119,41856.0132712858,244.0064072984815,248.24114447366057,244.94716906436142,247.6406601351624,245.74142188035663,246.26453235524673,243.55816449070136,246.26322392351906,3.0,10.0,0.09865047466256284,2.255225337610805,2.653142868591475,2.690241321202545,2.4626353762082425,2.3457045969629418,2.1317155368542724,2.0782041654805146,2.213521825770422
41,circle_xy,False,10.25,0.02,60,10,True,512,0.26983576847259855,16.129716200288385,normal,nan,100.0-100.0-100.0-100.0-100.0-100.0-100.0-100.0,-0.2102502090842756,0.12497467552334621,-0.0009043680461233547,0.09235168563265898,-0.6742664296870969,0.2515148285934831,-0.028630725962103688,0.1577073463260875,-0.11565182756189639,0.06234750019184375,-0.010587514966116783,0.0289737611358164,247.71579955642952,245.56349464960206,247.41631091064934,245.60969873583713,247.6952663370167,246.01550742366928,248.27789328052154,246.09108707291463,True,2.6022756996098906,0.2673452742222327,-0.20753508306202978,0.12583992941037825,0.00033874330201028567,0.09145034452757864,-0.5219745492074936,0.24306382967521786,-0.02857529251000898,0.1447791576857356,-0.14283889655306553,0.025131430054369623,-0.012827038943679352,0.03863845855139375,42652.15979755932,244.67639761735342,241.4620572438731,242.95624361759448,241.9595273123933,245.71675013399414,242.48363057695462,244.71211598053424,243.07502512370723,3.0,10.2,0.06569695840258732,2.2145461642206166,2.1344018433452154,2.1038953848150777,2.003119474675529,2.312364206841411,2.4549025337295753,2.640224307572409,2.320597486884063
42,circle_xy,False,10.5,0.02,60,10,True,524,0.2566192387464652,18.172476599924266,normal,nan,100.0-100.0-100.0-100.0-100.0-100.0-100.0-100.0,-0.12034281024199041,0.1996057820678135,0.0005849436854591043,0.08783517303836771,-0.6595466884958514,0.24546147528423626,-0.027078698188519087,0.15208791365148164,-0.05757719475820787,0.10750303557691637,0.009571049107390199,0.026654824205617086,244.63178081333453,246.22266388488674,244.39021242327394,246.18516611401935,244.629061097293,246.8649936711114,245.11750566376656,246.79037313180567,True,2.303227600030368,0.2463172423071679,-0.1424730824358265,0.21452715683766527,0.00156107101260145,0.09315344364524361,-0.4833991788195508,0.22430982758438406,-0.024544642721957853,0.13850486809709656,-0.0548366356272502,0.04378732039145871,0.005080418307187808,0.01821377674525028,43320.11154135503,240.94035680915147,241.17127428554116,239.198037684888,240.5536072178793,241.07356364025665,241.27735275182408,240.90907650816933,242.11484205943302,3.0,10.5,0.095414933312079,3.017781988221361,3.0160213255399237,2.7834389812156477,3.055899815439731,2.9741087320140784,3.2483475868773106,3.1192923189591926,3.2120128757504154
43,circle_xy,False,10.75,0.02,60,10,True,537,0.24436459522447895,18.495823199715232,normal,nan,100.0-100.0-100.0-100.0-100.0-100.0-100.0-100.0,-0.11567272964478709,0.18976971467140794,0.0005308293416662517,0.08374016828568769,-0.23988766076485032,0.6454090525474007,0.0256130934854308,0.14663869991655115,-0.10009680066013178,0.053289080294126136,-0.008666820657044914,0.02454362254558374,245.25837686763478,243.86395231481782,245.85870594246202,243.92247474397064,245.27035075683574,243.33674694943943,244.9285492541827,243.37207259202762,True,2.6321534001035616,0.260955361180805,-0.15820060611219855,0.18306644837748215,0.0002208852088237242,0.08845759315619461,-0.2757487099444467,0.5178641050833823,0.02473688466124059,0.14321092411961092,-0.07593498167526573,0.04967443713685941,-0.015713755600959143,0.02702032226889975,42284.50555077195,242.67246414085008,241.8723954750654,243.5597343728425,242.18049986380214,243.66521036379453,241.32003594928983,240.94640108342725,241.1700297369627,3.0,10.8,0.07798219118404578,2.5580350852102507,2.479509805203172,2.8066402139428805,2.5180819302296156,2.5907926811310826,2.1102633321953435,2.4620080828845556,2.1833488828747316
44,circle_xy,False,11.0,0.02,60,10,True,549,0.23329497215078168,19.340396799816517,normal,nan,100.0-100.0-100.0-100.0-100.0-100.0-100.0-100.0,-0.18066019791172971,0.11099615473971834,-0.00028043888105344194,0.07987012728585031,-0.6318241929406823,0.23460050757674003,-0.024296127883104375,0.14161520394931112,-0.09335119888540847,0.049423134641802986,-0.007866826069101798,0.022660871843790658,244.15060998878465,242.31257469915,243.7911138509292,242.34641886093289,244.14280448817263,242.87164718004348,244.7489670805441,242.92210276645682,True,2.5028581999067683,0.2308345717583492,-0.18079219216311154,0.1103416985064078,0.0008727996680886625,0.07938567653781556,-0.49352289600905025,0.2243771333273762,-0.024335407864390018,0.13039955854211027,-0.12369815325075229,0.020677834096323403,-0.010212470353442398,0.033446908620203004,43223.65891497512,241.1539022008948,238.37211570870716,239.62342918108493,238.7602435232708,242.17792827299593,239.41126047925087,241.31836147038968,239.99010757057758,3.0,11.0,0.058449191263853534,1.8937569109582577,1.7844148482363986,1.7910127253939685,1.6830704720378837,1.9928201489920339,2.097530772828662,2.240581332571752,1.9549990328072182
45,circle_xy,False,11.25,0.02,60,10,True,562,0.22297522821669755,14.33702839986654,normal,nan,100.0-100.0-100.0-100.0-100.0-100.0-100.0-100.0,-0.10636798242901795,0.17220581472945784,0.00026401534518505885,0.07635578035989511,-0.22955185920713048,0.618764317505858,0.023048154546379717,0.1367371922080647,-0.08719534708703025,0.045927964255682276,-0.007151925935100433,0.020939599686821415,243.08925455071198,241.93030719599258,243.69970352066176,241.97308844911433,243.09261983290372,241.34274926598545,242.71785401577205,241.37579344030493,True,2.2016585003293585,0.23859093086573113,-0.14410494907279117,0.16576084133394914,7.148486316026113e-05,0.08076592468334183,-0.2663692715680359,0.5015719926049936,0.022535757053872816,0.13470574065083998,-0.06837888266645487,0.04370681479323286,-0.013258101656816049,0.025791451334891465,42495.84853095864,240.97657825405034,240.23049841660978,241.60053835845954,240.44900247523182,241.84167354903246,239.6379359847511,239.11454030926527,239.45009729398674,3.0,11.2,0.07383568682251264,2.308217080404741,2.215994758671173,2.512915574119327,2.2476064164486016,2.3382226514292435,1.8479263055237598,2.1850915647920193,1.9084456692912781
46,circle_xy,False,11.5,0.02,60,10,True,574,0.2136076246153499,14.653504500049166,normal,nan,100.0-100.0-100.0-100.0-100.0-100.0-100.0-100.0,-0.1644107606361584,0.1018502789020119,-7.054530281534277e-05,0.07301484350543755,-0.6062028423417937,0.22472536505736998,-0.021922756969557103,0.13223318149965135,-0.08156679389907692,0.04275968056510773,-0.006517273631280944,0.01939823019519594,242.0921622532322,240.42376223120266,241.70422452769608,240.4565144801454,242.09334476100517,241.03673512032825,242.7067816332264,241.07226988028168,True,2.672053899645107,0.21107915262434757,-0.16659284093955942,0.10295987073733069,0.0010074851642850678,0.07293217321254962,-0.4759261225537075,0.2138839321072656,-0.021999436141582663,0.12202863293020387,-0.11277229817156789,0.021349265416610634,-0.00884080842705659,0.030668667868569914,43580.31140920054,239.13978237838134,236.5517853230182,237.60556453232033,236.90879302473297,240.06938291826793,237.4908667195296,239.2933966057941,238.03373468325532,3.0,11.5,0.054986644366535324,1.724254363477283,1.6145239208957818,1.6484439892280502,1.527391548436442,1.8361737963671534,1.913532245030053,2.0430116495517883,1.7662813206484533
47,circle_xy,False,11.75,0.02,60,10,True,587,0.20483251098902966,18.116810399806127,normal,nan,100.0-100.0-100.0-100.0-100.0-100.0-100.0-100.0,-0.09746485880090687,0.15718804305340867,7.628891544603865e-05,0.06996490687218763,-0.5941144418388222,0.2201061037182374,-0.020851307147251273,0.1278535564240655,-0.03988046213718592,0.07641067391902247,0.005947734521522002,0.017983408165394753,239.83223871293083,240.8614302051312,239.48339794383756,240.82875178172458,239.82555527455307,241.57330218818558,240.38893458952438,241.54461511349686,True,2.216417400020873,0.1987677830568099,-0.11911505644824949,0.17631188249229643,0.00030105779979962624,0.07345296492192462,-0.44257571346847474,0.19230068935023786,-0.019400350611808805,0.1169325315937749,-0.04195678568935727,0.034859562130467966,0.005690933735662839,0.013163495459901595,43942.57568996772,237.1755639387912,237.4360828712681,235.53906826419126,236.41363265118218,237.1298474578944,237.66002252430084,237.4309503464441,238.6450273891509,3.0,11.8,0.08334084532685204,2.2886320418388193,2.125410449124896,1.9697896859022301,2.2138088581188677,2.289411588117165,2.3461395870095383,2.286011579495643,2.291801036848976
48,circle_xy,False,12.0,0.02,60,10,True,599,0.19682996008272166,17.00028949981788,normal,nan,100.0-100.0-100.0-100.0-100.0-100.0-100.0-100.0,-0.09320702489429598,0.1504383454453531,-7.970681652436529e-05,0.06704705577517756,-0.21568048905235943,0.5824751940677303,0.019880276073542782,0.1238032987391274,-0.07167938473860216,0.03725763738784836,-0.005440448494352637,0.016711601771147114,240.25876701260313,239.381139130743,240.87503751169479,239.40359553600115,240.2485808061904,238.72549581354397,239.8394957236344,238.75866820673048,True,3.107423600013135,0.20866042821037695,-0.1341151715741705,0.14359585734907823,-0.00022073779205660375,0.07047900920283269,-0.2520179478218615,0.4785631760970974,0.019567461787826767,0.12274756991467096,-0.058630303209044075,0.036398087393662404,-0.010358649354548038,0.021971815059666482,42926.150325571536,238.73548774277722,238.10048293161717,239.13984083812073,238.3584654265361,239.46013494019218,237.5367108284322,236.7248930649532,237.26707837986518,3.0,12.0,0.06341476323336342,1.9704952417644155,1.8774631714957761,2.1023224567616956,1.889645516675772,2.000259248841764,1.5209076148027376,1.772661235067254,1.592023818549508
49,circle_xy,False,12.25,0.02,60,10,True,612,0.18929958627396232,18.322365399857517,normal,nan,100.0-100.0-100.0-100.0-100.0-100.0-100.0-100.0,-0.14412065836342794,0.08910237023368045,6.33253681379841e-05,0.06437179212060398,-0.21143594486676903,0.5712626063660868,0.0189511648379296,0.11985883162658166,-0.03486315823762597,0.06732933269051344,0.004983240134448504,0.015539734601314775,238.22913524658122,239.83219153972138,238.8113398647309,239.81559281552026,238.24373298235824,239.1051070922805,237.8628133003614,239.07156138543542,True,2.5374503001803532,0.19424495282069373,-0.1684093738203565,0.08631866634938339,-0.0005661853529584982,0.0663811488526737,-0.2430937785235993,0.48043502682224715,0.018311157569647796,0.117474187861431,-0.03019014603018196,0.08513570599201874,0.00920663572803528,0.02789709431921036,43107.86848086328,237.32405331226664,239.98735549575298,237.5313909900382,239.52422636674436,238.4849082637657,238.35950937868773,236.07369220241873,238.08147367155604,3.0,12.2,0.07550265544727192,1.4637854825253294,1.6154556071275699,1.7369462679798706,1.516240634413491,1.6320194031204946,1.1975425272802884,1.2822987341578196,1.2899121632173167
50,circle_xy,False,12.5,0.02,60,10,True,624,0.1823985058502095,21.34013279984356,normal,nan,100.0-100.0-100.0-100.0-100.0-100.0-100.0-100.0,-0.13819825242108372,0.08521982170606586,0.0001922493851587575,0.06180137568802397,-0.20736124928441552,0.5604551862304824,0.01810462683816564,0.11620490408707747,-0.032672214923876106,0.06332401405824663,0.004574571057215252,0.014482476356193517,237.48945958491416,239.0278089107249,238.07923865743078,239.0166013567258,237.50816742863697,238.2953649224614,237.11353814637283,238.2611922311635,True,3.8316638994729146,0.1864406234346812,-0.1625199390374494,0.08100343146031214,-0.0004399827870106236,0.06377814125682377,-0.23901027354958443,0.47252337548621565,0.017513177367182674,0.11402192999671504,-0.02816628975359588,0.08183255183816741,0.008764875132017576,0.026612181226922462,43231.72217905073,236.6930946584203,239.28520785539033,236.91845038939542,238.8252293090754,237.8278190543483,237.70431411909843,235.42910165794748,237.38541989061986,3.0,12.5,0.07408779170577567,1.4205428122051966,1.544092354225267,1.6860871979421748,1.458534939033377,1.5906096525422937,1.1449143051185986,1.2478473334954303,1.22961671460522
51,circle_xy,False,12.75,0.02,60,10,True,637,0.175880678916454,19.079081499570748,normal,nan,100.0-100.0-100.0-100.0-100.0-100.0-100.0-100.0,-0.132638337735789,0.08176120963529619,0.0001691408201281095,0.05943804057475123,-0.5500329843462506,0.20344581531506314,-0.01729218225922197,0.11264031606073667,-0.05963025593790729,0.03066325219621047,-0.0042046587537559205,0.013505116144064126,237.82660560789924,236.4852864417219,237.3959655723107,236.52025762663675,237.84909045739278,237.18791998322538,238.46431411490576,237.19413376702306,True,3.645254000002751,0.17333501446769736,-0.13918369433831523,0.0847927361333809,0.0007088343191929391,0.06060229460572974,-0.43633560691327,0.18906029320197515,-0.017541130292332795,0.10486058829195752,-0.09036341492114329,0.021900666752606428,-0.00626822550884108,0.02553704712705552,44122.532872120966,234.9384290325191,232.9763637831869,233.55348182664588,233.29236979351765,235.7857425329098,233.53520098601297,235.23658842304363,234.07827780462438,3.0,12.8,0.05166405942730674,1.3991080328262906,1.2659846107821815,1.3903050934662413,1.2260728441467261,1.5332829954540674,1.550607063314049,1.6921651372659121,1.4035251999215954
52,circle_xy,False,13.0,0.02,60,10,True,649,0.16988304648759284,15.78874419972999,normal,nan,100.0-100.0-100.0-100.0-100.0-100.0-100.0-100.0,-0.07866724568592041,0.1274116717855844,-0.0002759402744392421,0.05716028473779775,-0.5399767664632933,0.19968002743099114,-0.01655274855259203,0.10933234249772666,-0.028818212225051695,0.05621699540705577,0.0038723487412791304,0.012620099441780783,236.14188404816875,236.7978673360566,235.72442524356893,236.76232333888834,236.1156484950961,237.53753810405635,236.7172651797124,237.53588782190633,True,2.670509699906688,0.1648625477893127,-0.08416998107329052,0.1486474547057593,-2.1104648099493553e-05,0.06009876163697838,-0.40798276691696805,0.16822586159874486,-0.015604741919200455,0.09999967423985438,-0.032253576482945384,0.03139422020714026,0.005886112427681843,0.01196822117741801,44345.84025298781,233.60747768292143,234.16359058703716,232.7147220532178,232.99257724523403,233.7342606100646,234.37256983081076,234.26912150094444,235.1453843472526,3.0,13.0,0.07342477747938689,1.8247866963800656,1.559076513082301,1.5694897964837147,1.684571742182695,1.8784847923612162,1.767647568675759,1.8112206532311046,1.7125035066950693
53,circle_xy,False,13.25,0.02,60,10,True,662,0.16419717769590428,15.655042700760532,normal,nan,100.0-100.0-100.0-100.0-100.0-100.0-100.0-100.0,-0.12249141758104282,0.07578905337259534,0.00024845618581497726,0.05506013535023516,-0.5302686394605518,0.1960550723456641,-0.015840871090273823,0.10610013587757235,-0.0530599722234205,0.027119737432648203,-0.003570304021667607,0.0117993912285224,236.40791827707702,235.16811716110342,235.96785529268524,235.20466866584704,236.4373218453293,235.89316742041729,237.04941472509273,235.8906422639705,True,2.712891899951501,0.16138939772452424,-0.130024793751879,0.07817333681357327,0.0006003946809264772,0.056497467144022734,-0.4222845729474951,0.17993487726609655,-0.016110098541776575,0.09906027664533401,-0.08217484286074096,0.02133707886691469,-0.005273534056169988,0.02356892254162024,44305.75202991694,233.6229501316918,231.91602584310812,232.3095360281425,232.16715546305502,234.43806188653278,232.36580991465075,233.99470500665046,232.92680678574922,3.0,13.2,0.051568500764091696,1.309279635459956,1.1488631809284249,1.3093633192638043,1.1248509291025264,1.4412758667216756,1.4314583603303632,1.5892420118758004,1.2815841341435763
54,circle_xy,False,13.5,0.02,60,10,True,674,0.15894450079713962,15.948740600259043,normal,nan,100.0-100.0-100.0-100.0-100.0-100.0-100.0-100.0,-0.11785416560121761,0.07319434184727582,0.0003375021341738499,0.05303063520442927,-0.5208922009112428,0.19259973603390154,-0.015190031626792628,0.10309592113244138,-0.050134691182369295,0.02555384628015039,-0.0032981703953996093,0.011053971702874458,235.75008440618302,234.5562126847368,235.30644043692374,234.5934881717657,235.7825879930717,235.29019150090352,236.39259450607648,235.2838321608194,True,2.7644964003702626,0.15604477409910242,-0.12573504918525977,0.07516419161075856,0.0006329917064982632,0.05452843292774216,-0.41573846083732774,0.1756099526827795,-0.01545741130482792,0.09638058646553364,-0.07839520153053946,0.02097950045138948,-0.004883120190840653,0.022645576109590518,44351.080559709546,233.03101089529747,231.45715350217168,231.75204109717154,231.66914832364444,233.82012831847075,231.83630955998873,233.4266604335341,232.40323770443544,3.0,13.5,0.05161000363031515,1.2727399424616042,1.0953805469397633,1.27467876328904,1.0784174061300895,1.4033180650524115,1.3759816977043648,1.5440715856659617,1.225990043140577
55,circle_xy,False,13.75,0.02,60,10,True,687,0.15394736752199534,21.727275300305337,normal,nan,100.0-100.0-100.0-100.0-100.0-100.0-100.0-100.0,-0.07071895024375581,0.11347818941414381,-0.0003066842629265012,0.05115563523698051,-0.1893149951970887,0.5118309702339222,0.014561022838552587,0.10015585944331973,-0.04742072323334887,0.02410754909704997,-0.0030498628044325162,0.010360480895662896,235.15913511196914,234.71455960418857,235.7667850060081,234.7046659274912,235.12375453098122,233.9729791864722,234.67721826280155,234.01086597737063,True,3.5043992999126203,0.1612905432214984,-0.10689830156682424,0.1058979911733533,-0.00023019850803187038,0.05413893992717845,-0.22311335735855573,0.430575234743023,0.014478338038845944,0.10026342102099291,-0.03952549564434794,0.02548200460836595,-0.004655808804865082,0.015940859697269598,43486.915882570785,234.352039918106,233.91222856422866,234.5384948870584,234.22683771379948,234.79730165810776,233.43960144241714,232.29657449674266,232.96578135030126,3.0,13.8,0.05830434092646587,1.4261757194858724,1.278058615912724,1.5207847310849585,1.271051559718901,1.4683446606088593,0.9895533146993954,1.2463002437529511,1.0188876009823322
56,circle_xy,False,14.0,0.02,60,10,True,699,0.14931442811792167,20.869005899585318,normal,nan,100.0-100.0-100.0-100.0-100.0-100.0-100.0-100.0,-0.06831427019385368,0.10934420839864588,-0.00038078357947096464,0.049339416157319224,-0.18614159667671965,0.503070553306141,0.013984773166593764,0.09741876838824857,-0.04489867834209395,0.02276978141450224,-0.002825387347275499,0.009728656722608935,234.56501966912126,234.1646786523465,235.17008152014824,234.15165543400468,234.527066152295,233.41661296924013,234.07821413682723,233.4552320105047,True,4.241896399937104,0.1561105622041737,-0.1026011259522449,0.10184136194647297,-0.0002580559086431438,0.05222587792309142,-0.21961329443506986,0.42428870631359944,0.013898058976604741,0.09762252235820264,-0.037430851923049714,0.02434251524979169,-0.004112881932124489,0.01547609724739087,43559.78121986688,233.85438414515278,233.41832050208,234.0382869118106,233.73541333996275,234.25250562011703,232.96686876147777,231.8008587626912,232.48103660807297,3.0,14.0,0.05819031081526917,1.369369578797861,1.2073070566525672,1.4676843381509501,1.2003677593222406,1.414726850744547,0.925903717078982,1.206436753562643,0.9485182071574506
57,circle_xy,False,14.25,0.02,60,10,True,712,0.14489309968798847,16.9012962000852,normal,nan,100.0-100.0-100.0-100.0-100.0-100.0-100.0-100.0,-0.10543427650070962,0.06599152894478989,0.0003478547525774341,0.0476578635317061,-0.4945964380014902,0.1830739219717403,-0.013426782186592936,0.09473593904780836,-0.04255263226293343,0.021530177173365115,-0.002619791803146382,0.009139157430834545,233.95818738261264,232.88568571157904,233.50753783866057,232.9248937706415,233.99851353846194,233.63910915163223,234.60078922247772,233.62320510920387,True,2.9569462000508793,0.14186054370947776,-0.11356615813961776,0.06537441609775477,0.00041627565694476174,0.049461157661426385,-0.3973434381049062,0.16360469829293198,-0.013669863472753955,0.088815276890585,-0.06819612185207591,0.02058540500973894,-0.0039176532898833015,0.020180783630751674,44474.1519575057,231.44486177173587,230.1539995215665,230.27633786065886,230.28356320563958,232.12894532055319,230.44780678635377,231.89456043061693,231.03591969196555,3.0,14.2,0.052444483773375905,1.1829927279950856,0.9551171817638727,1.1996398090451788,0.956188271646007,1.309739493822302,1.219643473939638,1.433423871887321,1.075275751644013
58,circle_xy,False,14.5,0.02,60,10,True,724,0.14078061460554206,14.99389049972524,normal,nan,100.0-100.0-100.0-100.0-100.0-100.0-100.0-100.0,-0.06381312423823485,0.10173241271520046,-0.0004099995647454678,0.04602514609679752,-0.4863954981637348,0.18010650332285266,-0.012914779297628892,0.09223451683427077,-0.020379934797492495,0.04036699435446559,0.002433362472725466,0.008600578802354661,232.74295023766172,233.11049553245329,232.2851862847852,233.07083471195125,232.7003205645784,233.8526404939431,233.31767002749444,233.87100900204774,True,2.9020760999119375,0.13610821059476086,-0.06969821458050024,0.12394556919054919,-0.00022328785182909613,0.04875072197434802,-0.37312664415319224,0.147694918834262,-0.012319957521895965,0.08411149740464328,-0.02469412569302102,0.028773390566054022,0.004334574261905293,0.01220036136587992,44696.709368602314,230.61005781149234,231.34920197353645,230.3478246190517,230.11120040335098,230.54938835096982,231.64460419766746,231.5720146391715,232.23779469782548,3.0,14.5,0.06679137537154402,1.4513362584572516,1.1415470262210152,1.3600796648786637,1.2485124838488217,1.5590157776404903,1.3028724566056202,1.5410232020611692,1.2582565198403084
59,circle_xy,False,14.75,0.02,60,10,True,737,0.13684483972349448,14.85775600009947,normal,nan,100.0-100.0-100.0-100.0-100.0-100.0-100.0-100.0,-0.0982335374613546,0.06172798363725734,0.0003761997905303659,0.04451045171681582,-0.4784552163221378,0.17723452322048175,-0.01241790855190703,0.0897790978322687,-0.03832906724615774,0.019310980514818794,-0.0022620419389076316,0.008096768995651168,232.8974082556278,231.89426694361063,232.44451942577464,231.9344847777308,232.94181265954106,232.655530608136,233.53808950638145,232.63466768766344,True,2.747667199902935,0.13389859024539533,-0.10639880369762598,0.06101029960223855,0.0003487804016617175,0.04647793996197329,-0.38599009662519584,0.15635125864033161,-0.012632224913918428,0.08426797703460667,-0.06246022102724898,0.02124310272231353,-0.0033840365959535447,0.018975335108583277,44549.885868128214,230.5360775022849,229.39097234446936,229.45686892873954,229.45785363625373,231.1480873436647,229.6336511367136,231.0001046329286,230.26684047234298,3.0,14.8,0.05332022632562727,1.1449147815968086,0.877768972934673,1.1709603200483132,0.8907946684821489,1.265921770441639,1.1311905967832439,1.3815354746941617,0.9914725347085062
60,circle_xy,False,15.0,0.02,60,10,True,749,0.1331728865096599,15.289982799760764,normal,nan,100.0-100.0-100.0-100.0-100.0-100.0-100.0-100.0,-0.09493749866361498,0.05969767009436846,0.0004286361801806547,0.043036795178152384,-0.17445295119842424,0.47076377178956236,0.011961083484187583,0.08748643917523945,-0.018316298962924672,0.0364256206267672,0.0021062483509759495,0.007635193362319202,231.75498010018683,232.83731005035864,232.37278359831188,232.86015918564806,231.80126575144914,232.09846915266075,231.33673410527373,232.05791328621157,True,2.8611521002312656,0.13116127469138214,-0.11735292119753686,0.06136474022419828,-0.00021097657063530188,0.04505069155210236,-0.20323813993963571,0.40337913387722296,0.011447678702977153,0.08698921278387688,-0.03135162704500105,0.06050321999787676,0.006242406029980336,0.019777167717105883,44311.30586388509,231.84713737880512,233.72748740581338,232.32475007849243,233.51310669613233,232.79067840994375,232.81765284167832,230.69566884941906,232.12283173353387,3.0,15.0,0.06707577770965693,1.2059445488966853,1.0927903373253953,1.446071630545525,1.0938423325321298,1.4081440193378238,0.8575089535790228,1.2005269399125826,0.8500525969873018
61,circle_xy,False,15.25,0.02,60,10,True,762,0.12964957018228904,15.08019390006666,normal,nan,100.0-100.0-100.0-100.0-100.0-100.0-100.0-100.0,-0.05772963311615219,0.09180550146381532,-0.00039461459077457325,0.04166728979342171,-0.17175786116668804,0.46331003988363895,0.01151676501860168,0.08523281043443891,-0.0346467875993134,0.017389425648856132,-0.0019626382416577702,0.007202338462742011,231.97726049178985,231.75400369915016,232.56700368559788,231.7290994212875,231.92959805559266,230.9880950774888,231.4759447418637,231.0290860258997,True,3.1387662003398873,0.13424829062647842,-0.08327840362905321,0.08529106103032195,-9.125805085257218e-05,0.043937083554272664,-0.2035368743541943,0.3944206844052425,0.011374329761158842,0.08563949946060512,-0.028513904983404927,0.026597730970703594,-0.002166620523966314,0.01392361423893776,43979.21726940625,231.94155848681595,231.30446852471275,231.68637814014625,231.63237520602826,232.13466467983747,230.94777266905623,229.43232607561913,230.42053285384222,3.0,15.3,0.05820003480515598,1.1602929286730521,0.9287671942686991,1.2993016303357583,0.9289605516025974,1.2247110090206166,0.6742081110349977,1.1074305866337333,0.6777233703403307
62,circle_xy,False,15.5,0.02,60,10,True,774,0.12635314202314507,15.826752299937652,normal,nan,100.0-100.0-100.0-100.0-100.0-100.0-100.0-100.0,-0.08882677920197642,0.05586419110251849,0.0004390049544838199,0.04033250627202596,-0.4560834971150643,0.1691448960193586,-0.011107522854179487,0.08312573131327453,-0.032981706374028384,0.01652463851722603,-0.0018317209567036594,0.006804798296347589,231.47726358108872,230.56408351762116,231.02369008249167,230.6053694034566,231.52630046415302,231.33124565413797,232.1126594389241,231.30464679687205,True,3.0228493996546604,0.12366953720447897,-0.098695988355179,0.0566893998333984,0.00035142574679597265,0.04248629159205284,-0.37028468858037944,0.146622895563787,-0.01127417231301961,0.07806359094592706,-0.055593768477700575,0.023644650461207176,-0.002594003736054911,0.017835788059932273,44657.19445341735,229.4071606152077,228.36444912633547,228.41417492984277,228.3514108711125,229.88808949841658,228.65240584707314,229.84527912252813,229.30114114718438,3.0,15.5,0.054636349229806654,1.1095466841732318,0.7795487221982663,1.1403097592179632,0.8090746351095958,1.2219074603717068,1.0160733341865373,1.3241019351149907,0.8819991229646352
63,circle_xy,False,15.75,0.02,60,10,True,787,0.12318257662221564,16.41552629985381,normal,nan,100.0-100.0-100.0-100.0-100.0-100.0-100.0-100.0,-0.08599143708715187,0.054533176430149266,0.00040524235234010603,0.039090014154574096,-0.16661030877148897,0.44907424031408016,0.01070867850645678,0.0810517607349573,-0.01571679756612708,0.03142142790077633,0.001710615960729007,0.006430912326980444,230.48315389347073,231.47426144629696,231.09859258761736,231.50225126084885,230.53354361751133,230.74278517094913,230.06317870041542,230.7013382003125,True,2.9227022998966277,0.12056329395657074,-0.10779974204998496,0.06409565268438752,-0.00015366180219645093,0.0412337051727991,-0.1937510413947361,0.3860372447653286,0.0102214872276114,0.08094218614326287,-0.03474607644227159,0.056770858485072476,0.00633281745176665,0.0202410621218316,44565.57094940613,230.60955944458442,232.27087879900415,231.1651367499853,232.2127385730702,231.52283543103187,231.58358622381408,229.46512163380052,230.80939204530006,3.0,15.7,0.06765694463493183,1.186434818916358,0.996379685380484,1.4129302986026249,1.0186421845606835,1.391469291358375,0.8023698109955569,1.2170403083516534,0.7742606754029467
64,circle_xy,False,16.0,0.02,60,10,True,799,0.12020607662473193,18.595062700042035,normal,nan,100.0-100.0-100.0-100.0-100.0-100.0-100.0-100.0,-0.05330217692338758,0.08329035532670145,-0.00044304610572226785,0.03787692173091142,-0.4422728056646104,0.1641506394775792,-0.01034039073390825,0.07911021309882452,-0.014961231335868875,0.029958403919582342,0.001600010603162311,0.00608685309364416,230.14551416470053,230.3293992019985,229.6741460424023,230.28776697552868,230.094080191896,231.05791980585394,230.70806305620292,231.08727065938112,True,2.860169600491645,0.11579625555867877,-0.05609097387142303,0.10596047019082261,-0.0003171823548599662,0.04061257961821368,-0.34465145274761333,0.1334202467061612,-0.009893032360985167,0.07202085939482103,-0.020241287003400044,0.03123827730596324,0.0035845472941388136,0.013427192924469596,44877.90005191864,228.49310503960962,229.08455118278155,228.14729377827223,227.8047789889524,228.38312598792646,229.32400478870017,229.0876268942666,229.83318452767816,3.0,16.0,0.06380188648265851,1.312288788217928,0.8778846350003844,1.2871111716094383,0.9667503853233086,1.4049606824438527,1.017028524575005,1.4359209033745641,0.9621479593943634
65,circle_xy,False,16.25,0.02,60,10,True,812,0.11736407281693852,19.041533399751643,normal,nan,100.0-100.0-100.0-100.0-100.0-100.0-100.0-100.0,-0.052006555012806766,0.08071516931851855,-0.0004096898452919665,0.03674637596775947,-0.43567039202661095,0.16176246131493044,-0.009982520038233729,0.07719656534235013,-0.01425377596709471,0.028584852405315615,0.001497356238755847,0.005762584975686725,229.773248480224,229.9335045182996,229.30128927613313,229.89174032270546,229.72090518180454,230.65888076967624,230.33316499609288,230.68942917852235,True,3.049464699724922,0.11307622996370328,-0.05457251390922219,0.10347667263129297,-0.0003019732139301785,0.039592611418549715,-0.3404955533809999,0.13140921431768607,-0.009551508775954795,0.07030442695408007,-0.01966075604184175,0.03217069660778619,0.0035785140487931536,0.013606176342711915,44911.115800038155,228.25553484054095,228.76848014357523,227.8231237142582,227.48998095413097,228.1620667239386,229.0017790453983,228.67400828143278,229.51219613934413,3.0,16.2,0.06372759593315105,1.3000680688930746,0.8475870200715644,1.286958872510001,0.9350758919493535,1.38227658434295,0.9874450746009276,1.4283346994904356,0.9303278186516154
66,circle_xy,False,16.5,0.02,60,10,True,824,0.11472747186560232,18.840327399491798,normal,nan,100.0-100.0-100.0-100.0-100.0-100.0-100.0-100.0,-0.07825812636100907,0.0506798521861213,0.0004398961348086675,0.035643627313833894,-0.42925856055251016,0.15944265749617492,-0.009670029271396388,0.07540175867112857,-0.02729453660691038,0.013590553653408976,-0.0014024948769016839,0.0054636598089747475,229.85242676862123,229.03834833752703,229.40158210233534,229.0802289801281,229.90541313802962,229.80507557255024,230.47761513786008,229.77331349867455,True,3.5902726998901926,0.11245449289781327,-0.09347225408918004,0.052429851617088574,0.0003124811928331033,0.03804673969472866,-0.3515381321232786,0.1357523177443572,-0.009774495813561695,0.07071060517593698,-0.048787912902366844,0.02589075751424166,-0.002068615815038711,0.016864672279336506,44804.63438369977,228.02390655153133,227.0839283809319,227.10027471007115,226.98086436544656,228.35143754223992,227.37811919114466,228.574047673256,228.09212530918137,3.0,16.5,0.056037167130026544,1.0952384810485671,0.6878612697873789,1.1188505100277617,0.7301417335043447,1.1950443640466557,0.9006060612429051,1.2785171591439217,0.7718918480529393
67,circle_xy,False,16.75,0.02,60,10,True,837,0.1122240208959869,18.314635600865586,normal,nan,100.0-100.0-100.0-100.0-100.0-100.0-100.0-100.0,-0.07591208418615393,0.04937541057310053,0.00040495816645101743,0.03461522758011623,-0.15718834609175622,0.42302938441234295,0.009385765843794674,0.07363107434410447,-0.01296829592241034,0.026079923207189167,0.0013132798301560018,0.005181245008268866,229.0190180527269,229.90900813450887,229.6270825972828,229.94159527921298,229.07279744878974,229.19042818351733,228.6006834302269,229.14859373369507,True,3.9336837993760128,0.10932056719604963,-0.09650883555363578,0.057527882595396006,-8.956132857248757e-05,0.03691013618346868,-0.18262726182292685,0.3651588665867935,0.008974447295617086,0.07399357544405584,-0.038567098273049355,0.05186414078686146,0.005677180883825838,0.020738295335303573,44855.97191160955,229.22762673482032,230.55576536222702,229.80941492049902,230.67997045236183,230.0428675335613,230.128531958058,228.04345374537982,229.31611116830453,3.0,16.8,0.06749567174995119,1.1922467086756223,0.8889088447461253,1.3785523199941794,0.9338813567319147,1.3909139756642686,0.7416179463354311,1.2296685653941595,0.6962196403795562
68,circle_xy,False,17.0,0.02,60,10,True,849,0.10987545498962312,17.619428699224954,normal,nan,100.0-100.0-100.0-100.0-100.0-100.0-100.0-100.0,-0.07367038472550458,0.048120374238446714,0.00043061634491300076,0.03360744984902195,-0.4169753654729592,0.1549966426337411,-0.009120373788895153,0.07197219091379581,-0.02493779913001156,0.012383592343546647,-0.0012319551951449923,0.004920365826229093,229.13725222148966,228.36557983582162,228.68905717175744,228.4074542759593,229.19145260482563,229.1294258916627,229.75641216217235,229.0959026133817,True,3.239037299907068,0.10773715354056919,-0.09149100030619205,0.050779895210424406,0.0003161075331526278,0.03611690615377052,-0.3430096911574394,0.13148302518709903,-0.009197466094845858,0.0674268383577592,-0.045921283005206925,0.026744913853893725,-0.0020659593617605074,0.016487564620799644,44862.29017194305,227.4305956984722,226.55976185076548,226.54019984409808,226.4351720455091,227.6967843342628,226.83030752748934,228.0004570411692,227.573222148304,3.0,17.0,0.056490586073492735,1.093390693369774,0.6527939210261002,1.1069145296104856,0.6947225998958757,1.183187438239194,0.8499962525236198,1.2596505787316568,0.7250059583129949
69,circle_xy,False,17.25,0.02,60,10,True,862,0.10761967827661903,16.1570529002056,normal,nan,100.0-100.0-100.0-100.0-100.0-100.0-100.0-100.0,-0.04690872313367063,0.0715269352705935,-0.0003945588793929145,0.032669974831629756,-0.1528649757882939,0.4110892734425472,0.008846368622044562,0.07033603096691478,-0.023861578251118357,0.011833809277469272,-0.0011571998511128339,0.0046732865972930904,228.8557107576694,228.81094359288622,229.41701011923118,228.77668812345308,228.8010381788594,228.04908208771968,228.35524388105353,228.09084063685003,True,3.715349700069055,0.11104185687345276,-0.06376362692257954,0.06845520003466903,-0.00017941072120772992,0.034178198668212624,-0.17961111033159058,0.3531392313139769,0.008715936242522723,0.07095275819043334,-0.0287250975859997,0.03206596154055119,0.00010084828761238117,0.014246050804673194,44494.71789489125,229.3393234187274,228.4425792634396,228.76639719805993,228.95987427112257,229.2212422045241,228.3623884813596,226.51038990831222,227.72122492316032,3.0,17.2,0.05995432456635503,1.06407079213345,0.6681612644975442,1.1477117786667113,0.684105828666962,1.1290941224515398,0.49493979085380085,1.0527858835624695,0.47638988600759324
70,circle_xy,False,17.5,0.02,60,10,True,874,0.10547498447555252,17.43511159985792,normal,nan,100.0-100.0-100.0-100.0-100.0-100.0-100.0-100.0,-0.06947607982603812,0.04574128477641795,0.00041195819123493953,0.03175372665662908,-0.4053645793105028,0.15079083877155552,-0.008577816051604587,0.06880089682248207,-0.022846236564470074,0.011316439557699171,-0.0010894052006679483,0.00444432276099105,228.47812415577803,227.74487723691854,228.03480382267085,227.78657703784793,228.53313205416674,228.50451255459035,229.09076142948823,228.46966098542487,True,3.794921700231498,0.10339838976296822,-0.08981308503021099,0.04895949978919089,0.000290733093501896,0.03444498224552435,-0.33493790039325144,0.12774524739049245,-0.008638605791091863,0.06441901880434948,-0.043285107523048254,0.02731499976893407,-0.0020818715091307,0.016121325815873444,44922.50194589625,226.90688987232718,226.08416194776783,226.0599208227878,225.9318942325739,227.11996184837093,226.3653029904805,227.46389183281232,227.12586394858656,3.0,17.5,0.05665236876043203,1.0931827971076553,0.621559568250769,1.0868324231713558,0.659856555908705,1.1715248406068361,0.8009254335205063,1.2347469801371045,0.6819332160306579
71,circle_xy,False,17.75,0.02,60,10,True,887,0.10340491683342899,20.238707199780038,normal,nan,100.0-100.0-100.0-100.0-100.0-100.0-100.0-100.0,-0.04461529900428467,0.06751242734537817,-0.00037298207434865603,0.03090081210482845,-0.3997947063734252,0.14877185657506903,-0.00830667655214165,0.0672830348313717,-0.010829180747968143,0.021887014464204217,0.001026536833501983,0.00422702745017637,227.8282159973288,227.87632920522475,227.35918544632918,227.83470373897302,227.7728970683534,228.57984575967868,228.37021089689705,228.6151021236086,True,3.6938168998458423,0.09943520580579646,-0.04614439266882946,0.09082971504663649,-0.0002939604365615462,0.035124613476502524,-0.3180303519787299,0.12137633205451322,-0.00801015959035101,0.061676237929822894,-0.020361036560067457,0.03566660804593048,0.003656243792007164,0.01407618720223621,45090.810141719616,227.01312313947193,227.0653216133208,226.00199910935078,225.88584650543055,226.88982444203407,227.3382130413518,226.63658390662647,227.83079220203643,3.0,17.8,0.06344822136732454,1.2540726150056598,0.7521083352113761,1.2792166953042652,0.8221655488400791,1.2550933903185773,0.885524969704231,1.3923337928600186,0.8413632521285146
72,circle_xy,False,18.0,0.02,60,10,True,899,0.10143226469707094,20.942707500304095,normal,nan,100.0-100.0-100.0-100.0-100.0-100.0-100.0-100.0,-0.0656312151022909,0.04353192504121642,0.00038703823209536715,0.030060712948195286,-0.14680600721540063,0.39437355095879817,0.008056491307256103,0.06585512973766729,-0.010369558477476571,0.020981431939849672,0.0009684425607895,0.004025545022703267,227.4904868402744,228.2789706899677,228.08475953132879,228.3146766253709,227.54598093718047,227.57944029682412,227.0782647480762,227.53797099976097,True,4.018612399842823,0.09777689982325691,-0.08497501813191699,0.05042425969979171,-2.752310935497783e-06,0.032414955237690196,-0.1714824096508315,0.3423533635615011,0.0077526088661182355,0.066765592902589,-0.04141717865388777,0.046033299729452824,0.004978716657038593,0.021055463627342043,45074.647317427036,227.7502178058694,228.79464287588797,228.3956410267804,229.03377477067914,228.4719134503241,228.58126147639408,226.56804715578917,227.69843046168984,3.0,18.0,0.06692149119355746,1.1763310084374106,0.77931524924562,1.3218425411869317,0.8402385853773373,1.353832165070487,0.6812180197111344,1.1969537494956175,0.6249998233158975
73,circle_xy,False,18.25,0.02,60,10,True,912,0.09952787133223488,18.068704199889908,normal,nan,100.0-100.0-100.0-100.0-100.0-100.0-100.0-100.0,-0.06382781675493879,0.04249206344516363,0.00035284934207176666,0.029272588543499584,-0.38909539584470765,0.14489111551415818,-0.0078123847059102915,0.06444093234221805,-0.020125777105066307,0.009935700406274593,-0.0009138818568854959,0.0038342903262831934,227.58248762496748,226.90035537150965,227.14693283592658,226.94170903085632,227.637995364535,227.65181128122438,228.18461124215605,227.61568634262588,True,3.334393699973589,0.09762990311708268,-0.08751156206857452,0.046090909058977225,0.00019962034436839005,0.03230461784995958,-0.32353116657830505,0.12296851504733074,-0.007810436366416387,0.060327310542979073,-0.039654845927465224,0.02840448208913548,-0.0019134620940955565,0.01587823611389534,45013.357282466925,226.24178240913153,225.48120145096286,225.42664986140957,225.29434814377734,226.36249328826145,225.7783118853376,226.75561274909904,226.54057416889904,3.0,18.2,0.05707810282393225,1.07865062559665,0.5797321284806403,1.0515456357360498,0.6028443026434159,1.1419563280797245,0.7294542167890715,1.189458850324216,0.6185178632892859
74,circle_xy,False,18.5,0.02,60,10,True,924,0.09771103305182743,16.94005300034769,normal,nan,100.0-100.0-100.0-100.0-100.0-100.0-100.0-100.0,-0.04147150172097703,0.062098000004675656,-0.0003683723813783655,0.02849419836962854,-0.1430251728407058,0.38395475101413273,0.007588224094017233,0.0631093754346741,-0.019315580119275966,0.009525914382880094,-0.0008631184535531225,0.00365644065681434,227.36186482779584,227.38803322970142,227.90482204515945,227.35161791024217,227.3063129334971,226.63975901667453,226.8734265653954,226.68090440407522,True,3.24716280028224,0.10074508520531879,-0.05374963501951979,0.06094626400249556,-0.00026668920478096564,0.02980823777364074,-0.1662332203224782,0.33101451080547967,0.007471661051472499,0.06371213139239446,-0.033677390918199525,0.03332363917163043,0.0006124061727864769,0.015016483779106382,44687.17833977501,228.0421778694779,226.9419510101943,227.24584226368322,227.59668301796734,227.75204078114908,227.05632329445965,225.0000015686204,226.32576972645262,3.0,18.5,0.06082933388704892,1.0856263311654382,0.590894739600303,1.0879119992972013,0.5922566324857241,1.1320829430953259,0.4634242724458781,1.04450698171803,0.4371701577433841
75,circle_xy,False,18.75,0.02,60,10,True,937,0.09595501760818002,17.022915000328794,normal,nan,100.0-100.0-100.0-100.0-100.0-100.0-100.0-100.0,-0.04045966427691839,0.06043781957998414,-0.00033854222432307417,0.027764299826566047,-0.37894639009308967,0.14120632385659454,-0.007367374352127872,0.06178974090547502,-0.009138666302825652,0.018547603684876245,0.0008153075576263512,0.003487081890719099,226.76003614882814,226.75496041890028,226.29721517251608,226.71410116105457,226.7044170784746,227.4421544201455,227.28897120330592,227.47874274989823,True,3.5480455995129887,0.09164715900292567,-0.04207936835716695,0.08405959412733433,-0.00027597878725138736,0.032487201343528865,-0.30487654025820854,0.11606165951003816,-0.007107615427626386,0.05700574707049318,-0.021175161899296257,0.03727732209574605,0.003834507273863058,0.014245480810240834,45068.12249667247,226.28508754460105,226.14993314301523,225.11992540120517,225.04583047368112,226.16490781744895,226.41493055016235,225.63464366003132,226.89941348827043,3.0,18.8,0.06254172729380142,1.2264874649411364,0.6959537002575562,1.2720574024517897,0.7448459284083069,1.2036624878621418,0.8167353932365927,1.3547235722480302,0.7761969231627387
76,circle_xy,False,19.0,0.02,60,10,True,949,0.09427593100091387,17.723298299271846,normal,nan,100.0-100.0-100.0-100.0-100.0-100.0-100.0-100.0,-0.05884351069017373,0.0394534682981933,0.0003529338147655683,0.02704519038611922,-0.13943286966772056,0.37406529651412856,0.0071625059486208785,0.06054633351237581,-0.008772076292633303,0.01782061030963295,0.0007709971097993754,0.0033295704727066776,226.46115857417,227.18344036422337,227.04234134961658,227.22019316755612,226.51669209243147,226.50040127999728,226.05589193408534,226.45977040942623,True,3.546593799517723,0.0895228452147162,-0.07715934001548397,0.045769975007620076,6.11904570986049e-05,0.029396748903431597,-0.16357863205594841,0.32601092317505076,0.006922533611577748,0.06177127159534883,-0.042653011830475325,0.04297465942065795,0.004565703517278574,0.02121611012775261,45124.48384283259,226.79889130345205,227.57300963103035,227.38755728382887,227.88026760946158,227.38440382139973,227.5064872962869,225.5457150199218,226.5841243254567,3.0,19.0,0.06548776928012252,1.172343698980153,0.7102339221225533,1.2900896702663502,0.7678617856265967,1.3304945776623571,0.6399862858592033,1.1817229790552364,0.5757223686568025
77,circle_xy,False,19.25,0.02,60,10,True,962,0.09265061686969123,20.023530600272352,normal,nan,100.0-100.0-100.0-100.0-100.0-100.0-100.0-100.0,-0.057311689753841516,0.038453833896113,0.0003245785112760557,0.026371454482171167,-0.36930674325272317,0.13770305980448316,-0.0069595986563961865,0.05931300149138602,-0.017131702415437305,0.008424866794661754,-0.0007293562255871505,0.00317956287775914,226.53747409453993,225.9138680840478,226.11286276644742,225.9541701061771,226.5928591905133,226.65160718589215,227.1249541109163,226.61464572566405,True,3.7198374001309276,0.09107310163374713,-0.08483420203136607,0.04182760510880194,0.0001591480204544844,0.029703812206625088,-0.30967323837418953,0.11781178394354269,-0.006939222325630013,0.055626698877909685,-0.035964773863097384,0.03031572615051658,-0.0014354300699171195,0.015920582597104632,45112.166144907416,225.52039745143927,224.77364650988085,224.7134081668624,224.53232954178029,225.49946415007196,225.08120579013072,225.92481672736432,225.84032013672106,3.0,19.2,0.05759749111513505,1.0614985255889418,0.5285839566313609,1.0229676118593674,0.5302932189808891,1.1107031426531315,0.6528185524302208,1.146109594357359,0.5438174321261249
78,circle_xy,False,19.5,0.02,60,10,True,974,0.09109343623350447,18.762857499707025,normal,nan,100.0-100.0-100.0-100.0-100.0-100.0-100.0-100.0,-0.05583912877601665,0.037461879984591814,0.0003371903167578949,0.025706951387136183,-0.13602965994396343,0.3646663500436757,0.006771281082396648,0.058149862503908016,-0.00809620668630558,0.016476472122783106,0.0006906248415901183,0.003039423145226878,226.0002763752847,226.69339469924992,226.57453433748242,226.73038775543887,226.0555824718413,226.01879669881177,225.59892186023455,225.97885960904242,True,3.4858430999156553,0.08581262023032799,-0.07369572394694504,0.04347254560314723,0.0001093516338734619,0.028030550056248982,-0.1598652841113054,0.3184396606187754,0.006548813477154066,0.05948303562097864,-0.043046510600334015,0.043528161358144905,0.004429514719542885,0.021229900230417462,45152.038108687004,226.43703832782495,227.043295581677,226.86782095951753,227.36610787962837,226.9658536103868,227.02920068862355,225.04253736751954,226.10040446801776,3.0,19.5,0.06464258858936368,1.1703295547444574,0.6792307310493263,1.275060316559786,0.7327883719772355,1.3184158711151917,0.6210881737211331,1.1754113031246336,0.5502239578676751
79,circle_xy,False,19.75,0.02,60,10,True,987,0.08958440777760063,19.312388001184445,normal,nan,100.0-100.0-100.0-100.0-100.0-100.0-100.0-100.0,-0.03648028255238922,0.05442271153475128,-0.00031064140987543135,0.025083184696206722,-0.3601398866014295,0.13439953315748593,-0.006584741766833971,0.056995141875018064,-0.00778432619874943,0.015855002380170083,0.0006541983629598181,0.002905807361426069,225.83697449427808,225.7909617293813,225.3825759211142,225.75127124724196,225.7819059326742,226.46131092204598,226.35255852579124,226.49831390849903,True,3.640547900053207,0.08446373400412299,-0.03807819882531051,0.08172602589493558,-0.00019952218797099694,0.030170294369279933,-0.2930252769630685,0.11210200772547646,-0.006390150757463612,0.05296361432374924,-0.021243399198185107,0.03770518172074204,0.0042741476267689985,0.01433996494356336,44868.30853730845,225.5978046889978,225.28493881615705,224.19890939102655,224.2397694689919,225.49788549784088,225.55616306400077,224.76060359943764,226.0669304715717,3.0,19.8,0.060873104117371214,1.1811232863144134,0.6366240631408677,1.2917355333833187,0.6623157201663213,1.161109559714444,0.759271196854337,1.3231808542978734,0.7291105530929934
